State,{,},;,id,num,true,false,(,),real,||,&&,==,!=,<,<=,>,>=,+,-,*,/,!,=,if,else,while,do,break,int,float,boolean,[,],$,program,block,decls,decl,type,stmts,stmt,loc,bool,join,equality,rel,expr,term,unary,factor,basic
0,s1,,,,,,,,,,,,,,,,,,,,,,,,,,,,,,,,,,,-1,2,-1,-1,-1,-1,-1,-1,-1,-1,-1,-1,-1,-1,-1,-1,-1
1,r3,r3,,r3,,,,,,,,,,,,,,,,,,,,,r3,,r3,r3,r3,r3,r3,r3,,,,-1,-1,3,-1,-1,-1,-1,-1,-1,-1,-1,-1,-1,-1,-1,-1,-1
2,,,,,,,,,,,,,,,,,,,,,,,,,,,,,,,,,,,acc,-1,-1,-1,-1,-1,-1,-1,-1,-1,-1,-1,-1,-1,-1,-1,-1,-1
3,r8,r8,,r8,,,,,,,,,,,,,,,,,,,,,r8,,r8,r8,r8,s4,s5,s6,,,,-1,-1,-1,7,8,9,-1,-1,-1,-1,-1,-1,-1,-1,-1,-1,10
4,,,,r45,,,,,,,,,,,,,,,,,,,,,,,,,,,,,r45,,,-1,-1,-1,-1,-1,-1,-1,-1,-1,-1,-1,-1,-1,-1,-1,-1,-1
5,,,,r46,,,,,,,,,,,,,,,,,,,,,,,,,,,,,r46,,,-1,-1,-1,-1,-1,-1,-1,-1,-1,-1,-1,-1,-1,-1,-1,-1,-1
6,,,,r47,,,,,,,,,,,,,,,,,,,,,,,,,,,,,r47,,,-1,-1,-1,-1,-1,-1,-1,-1,-1,-1,-1,-1,-1,-1,-1,-1,-1
7,r2,r2,,r2,,,,,,,,,,,,,,,,,,,,,r2,,r2,r2,r2,r2,r2,r2,,,,-1,-1,-1,-1,-1,-1,-1,-1,-1,-1,-1,-1,-1,-1,-1,-1,-1
8,,,,s11,,,,,,,,,,,,,,,,,,,,,,,,,,,,,s12,,,-1,-1,-1,-1,-1,-1,-1,-1,-1,-1,-1,-1,-1,-1,-1,-1,-1
9,s13,s14,,s15,,,,,,,,,,,,,,,,,,,,,s16,,s17,s18,s19,,,,,,,-1,20,-1,-1,-1,-1,21,22,-1,-1,-1,-1,-1,-1,-1,-1,-1
10,,,,r6,,,,,,,,,,,,,,,,,,,,,,,,,,,,,r6,,,-1,-1,-1,-1,-1,-1,-1,-1,-1,-1,-1,-1,-1,-1,-1,-1,-1
11,,,s23,,,,,,,,,,,,,,,,,,,,,,,,,,,,,,,,,-1,-1,-1,-1,-1,-1,-1,-1,-1,-1,-1,-1,-1,-1,-1,-1,-1
12,,,,,s24,,,,,,,,,,,,,,,,,,,,,,,,,,,,,,,-1,-1,-1,-1,-1,-1,-1,-1,-1,-1,-1,-1,-1,-1,-1,-1,-1
13,r3,r3,,r3,,,,,,,,,,,,,,,,,,,,,r3,,r3,r3,r3,r3,r3,r3,,,,-1,-1,25,-1,-1,-1,-1,-1,-1,-1,-1,-1,-1,-1,-1,-1,-1
14,,,,,,,,,,,,,,,,,,,,,,,,,,,,,,,,,,,r1,-1,-1,-1,-1,-1,-1,-1,-1,-1,-1,-1,-1,-1,-1,-1,-1,-1
15,,,,,,,,,,,,,,,,,,,,,,,,r17,,,,,,,,,r17,,,-1,-1,-1,-1,-1,-1,-1,-1,-1,-1,-1,-1,-1,-1,-1,-1,-1
16,,,,,,,,s26,,,,,,,,,,,,,,,,,,,,,,,,,,,,-1,-1,-1,-1,-1,-1,-1,-1,-1,-1,-1,-1,-1,-1,-1,-1,-1
17,,,,,,,,s27,,,,,,,,,,,,,,,,,,,,,,,,,,,,-1,-1,-1,-1,-1,-1,-1,-1,-1,-1,-1,-1,-1,-1,-1,-1,-1
18,s28,,,s15,,,,,,,,,,,,,,,,,,,,,s29,,s30,s31,s32,,,,,,,-1,33,-1,-1,-1,-1,34,35,-1,-1,-1,-1,-1,-1,-1,-1,-1
19,,,s36,,,,,,,,,,,,,,,,,,,,,,,,,,,,,,,,,-1,-1,-1,-1,-1,-1,-1,-1,-1,-1,-1,-1,-1,-1,-1,-1,-1
20,r15,r15,,r15,,,,,,,,,,,,,,,,,,,,,r15,,r15,r15,r15,,,,,,,-1,-1,-1,-1,-1,-1,-1,-1,-1,-1,-1,-1,-1,-1,-1,-1,-1
21,r7,r7,,r7,,,,,,,,,,,,,,,,,,,,,r7,,r7,r7,r7,,,,,,,-1,-1,-1,-1,-1,-1,-1,-1,-1,-1,-1,-1,-1,-1,-1,-1,-1
22,,,,,,,,,,,,,,,,,,,,,,,,s37,,,,,,,,,s38,,,-1,-1,-1,-1,-1,-1,-1,-1,-1,-1,-1,-1,-1,-1,-1,-1,-1
23,r4,r4,,r4,,,,,,,,,,,,,,,,,,,,,r4,,r4,r4,r4,r4,r4,r4,,,,-1,-1,-1,-1,-1,-1,-1,-1,-1,-1,-1,-1,-1,-1,-1,-1,-1
24,,,,,,,,,,,,,,,,,,,,,,,,,,,,,,,,,,s39,,-1,-1,-1,-1,-1,-1,-1,-1,-1,-1,-1,-1,-1,-1,-1,-1,-1
25,r8,r8,,r8,,,,,,,,,,,,,,,,,,,,,r8,,r8,r8,r8,s4,s5,s6,,,,-1,-1,-1,7,8,40,-1,-1,-1,-1,-1,-1,-1,-1,-1,-1,10
26,,,,s41,s42,s43,s44,s45,,s46,,,,,,,,,,s47,,,s48,,,,,,,,,,,,,-1,-1,-1,-1,-1,-1,-1,49,50,51,52,53,54,55,56,57,-1
27,,,,s41,s42,s43,s44,s45,,s46,,,,,,,,,,s47,,,s48,,,,,,,,,,,,,-1,-1,-1,-1,-1,-1,-1,49,58,51,52,53,54,55,56,57,-1
28,r3,r3,,r3,,,,,,,,,,,,,,,,,,,,,r3,,r3,r3,r3,r3,r3,r3,,,,-1,-1,59,-1,-1,-1,-1,-1,-1,-1,-1,-1,-1,-1,-1,-1,-1
29,,,,,,,,s60,,,,,,,,,,,,,,,,,,,,,,,,,,,,-1,-1,-1,-1,-1,-1,-1,-1,-1,-1,-1,-1,-1,-1,-1,-1,-1
30,,,,,,,,s61,,,,,,,,,,,,,,,,,,,,,,,,,,,,-1,-1,-1,-1,-1,-1,-1,-1,-1,-1,-1,-1,-1,-1,-1,-1,-1
31,s28,,,s15,,,,,,,,,,,,,,,,,,,,,s29,,s30,s31,s32,,,,,,,-1,33,-1,-1,-1,-1,62,35,-1,-1,-1,-1,-1,-1,-1,-1,-1
32,,,s63,,,,,,,,,,,,,,,,,,,,,,,,,,,,,,,,,-1,-1,-1,-1,-1,-1,-1,-1,-1,-1,-1,-1,-1,-1,-1,-1,-1
33,,,,,,,,,,,,,,,,,,,,,,,,,,,r15,,,,,,,,,-1,-1,-1,-1,-1,-1,-1,-1,-1,-1,-1,-1,-1,-1,-1,-1,-1
34,,,,,,,,,,,,,,,,,,,,,,,,,,,s64,,,,,,,,,-1,-1,-1,-1,-1,-1,-1,-1,-1,-1,-1,-1,-1,-1,-1,-1,-1
35,,,,,,,,,,,,,,,,,,,,,,,,s65,,,,,,,,,s38,,,-1,-1,-1,-1,-1,-1,-1,-1,-1,-1,-1,-1,-1,-1,-1,-1,-1
36,r14,r14,,r14,,,,,,,,,,,,,,,,,,,,,r14,,r14,r14,r14,,,,,,,-1,-1,-1,-1,-1,-1,-1,-1,-1,-1,-1,-1,-1,-1,-1,-1,-1
37,,,,s66,s67,s68,s69,s70,,s71,,,,,,,,,,s72,,,s73,,,,,,,,,,,,,-1,-1,-1,-1,-1,-1,-1,74,75,76,77,78,79,80,81,82,-1
38,,,,,s83,,,,,,,,,,,,,,,,,,,,,,,,,,,,,,,-1,-1,-1,-1,-1,-1,-1,-1,-1,-1,-1,-1,-1,-1,-1,-1,-1
39,,,,r5,,,,,,,,,,,,,,,,,,,,,,,,,,,,,r5,,,-1,-1,-1,-1,-1,-1,-1,-1,-1,-1,-1,-1,-1,-1,-1,-1,-1
40,s13,s84,,s15,,,,,,,,,,,,,,,,,,,,,s16,,s17,s18,s19,,,,,,,-1,20,-1,-1,-1,-1,21,22,-1,-1,-1,-1,-1,-1,-1,-1,-1
41,,,,,,,,,r17,,r17,r17,r17,r17,r17,r17,r17,r17,r17,r17,r17,r17,,,,,,,,,,,r17,,,-1,-1,-1,-1,-1,-1,-1,-1,-1,-1,-1,-1,-1,-1,-1,-1,-1
42,,,,,,,,,r41,,r41,r41,r41,r41,r41,r41,r41,r41,r41,r41,r41,r41,,,,,,,,,,,,,,-1,-1,-1,-1,-1,-1,-1,-1,-1,-1,-1,-1,-1,-1,-1,-1,-1
43,,,,,,,,,r43,,r43,r43,r43,r43,r43,r43,r43,r43,r43,r43,r43,r43,,,,,,,,,,,,,,-1,-1,-1,-1,-1,-1,-1,-1,-1,-1,-1,-1,-1,-1,-1,-1,-1
44,,,,,,,,,r44,,r44,r44,r44,r44,r44,r44,r44,r44,r44,r44,r44,r44,,,,,,,,,,,,,,-1,-1,-1,-1,-1,-1,-1,-1,-1,-1,-1,-1,-1,-1,-1,-1,-1
45,,,,s41,s42,s43,s44,s45,,s46,,,,,,,,,,s47,,,s48,,,,,,,,,,,,,-1,-1,-1,-1,-1,-1,-1,49,85,51,52,53,54,55,56,57,-1
46,,,,,,,,,r42,,r42,r42,r42,r42,r42,r42,r42,r42,r42,r42,r42,r42,,,,,,,,,,,,,,-1,-1,-1,-1,-1,-1,-1,-1,-1,-1,-1,-1,-1,-1,-1,-1,-1
47,,,,s41,s42,s43,s44,s45,,s46,,,,,,,,,,s47,,,s48,,,,,,,,,,,,,-1,-1,-1,-1,-1,-1,-1,49,-1,-1,-1,-1,-1,-1,86,57,-1
48,,,,s41,s42,s43,s44,s45,,s46,,,,,,,,,,s47,,,s48,,,,,,,,,,,,,-1,-1,-1,-1,-1,-1,-1,49,-1,-1,-1,-1,-1,-1,87,57,-1
49,,,,,,,,,r40,,r40,r40,r40,r40,r40,r40,r40,r40,r40,r40,r40,r40,,,,,,,,,,,s88,,,-1,-1,-1,-1,-1,-1,-1,-1,-1,-1,-1,-1,-1,-1,-1,-1,-1
50,,,,,,,,,s89,,s90,,,,,,,,,,,,,,,,,,,,,,,,,-1,-1,-1,-1,-1,-1,-1,-1,-1,-1,-1,-1,-1,-1,-1,-1,-1
51,,,,,,,,,r19,,r19,s91,,,,,,,,,,,,,,,,,,,,,,,,-1,-1,-1,-1,-1,-1,-1,-1,-1,-1,-1,-1,-1,-1,-1,-1,-1
52,,,,,,,,,r21,,r21,r21,s92,s93,,,,,,,,,,,,,,,,,,,,,,-1,-1,-1,-1,-1,-1,-1,-1,-1,-1,-1,-1,-1,-1,-1,-1,-1
53,,,,,,,,,r24,,r24,r24,r24,r24,,,,,,,,,,,,,,,,,,,,,,-1,-1,-1,-1,-1,-1,-1,-1,-1,-1,-1,-1,-1,-1,-1,-1,-1
54,,,,,,,,,r29,,r29,r29,r29,r29,s94,s95,s96,s97,s98,s99,,,,,,,,,,,,,,,,-1,-1,-1,-1,-1,-1,-1,-1,-1,-1,-1,-1,-1,-1,-1,-1,-1
55,,,,,,,,,r32,,r32,r32,r32,r32,r32,r32,r32,r32,r32,r32,s100,s101,,,,,,,,,,,,,,-1,-1,-1,-1,-1,-1,-1,-1,-1,-1,-1,-1,-1,-1,-1,-1,-1
56,,,,,,,,,r35,,r35,r35,r35,r35,r35,r35,r35,r35,r35,r35,r35,r35,,,,,,,,,,,,,,-1,-1,-1,-1,-1,-1,-1,-1,-1,-1,-1,-1,-1,-1,-1,-1,-1
57,,,,,,,,,r38,,r38,r38,r38,r38,r38,r38,r38,r38,r38,r38,r38,r38,,,,,,,,,,,,,,-1,-1,-1,-1,-1,-1,-1,-1,-1,-1,-1,-1,-1,-1,-1,-1,-1
58,,,,,,,,,s102,,s90,,,,,,,,,,,,,,,,,,,,,,,,,-1,-1,-1,-1,-1,-1,-1,-1,-1,-1,-1,-1,-1,-1,-1,-1,-1
59,r8,r8,,r8,,,,,,,,,,,,,,,,,,,,,r8,,r8,r8,r8,s4,s5,s6,,,,-1,-1,-1,7,8,103,-1,-1,-1,-1,-1,-1,-1,-1,-1,-1,10
60,,,,s41,s42,s43,s44,s45,,s46,,,,,,,,,,s47,,,s48,,,,,,,,,,,,,-1,-1,-1,-1,-1,-1,-1,49,104,51,52,53,54,55,56,57,-1
61,,,,s41,s42,s43,s44,s45,,s46,,,,,,,,,,s47,,,s48,,,,,,,,,,,,,-1,-1,-1,-1,-1,-1,-1,49,105,51,52,53,54,55,56,57,-1
62,,,,,,,,,,,,,,,,,,,,,,,,,,,s106,,,,,,,,,-1,-1,-1,-1,-1,-1,-1,-1,-1,-1,-1,-1,-1,-1,-1,-1,-1
63,,,,,,,,,,,,,,,,,,,,,,,,,,,r14,,,,,,,,,-1,-1,-1,-1,-1,-1,-1,-1,-1,-1,-1,-1,-1,-1,-1,-1,-1
64,,,,,,,,s107,,,,,,,,,,,,,,,,,,,,,,,,,,,,-1,-1,-1,-1,-1,-1,-1,-1,-1,-1,-1,-1,-1,-1,-1,-1,-1
65,,,,s66,s67,s68,s69,s70,,s71,,,,,,,,,,s72,,,s73,,,,,,,,,,,,,-1,-1,-1,-1,-1,-1,-1,74,108,76,77,78,79,80,81,82,-1
66,,,r17,,,,,,,,r17,r17,r17,r17,r17,r17,r17,r17,r17,r17,r17,r17,,,,,,,,,,,r17,,,-1,-1,-1,-1,-1,-1,-1,-1,-1,-1,-1,-1,-1,-1,-1,-1,-1
67,,,r41,,,,,,,,r41,r41,r41,r41,r41,r41,r41,r41,r41,r41,r41,r41,,,,,,,,,,,,,,-1,-1,-1,-1,-1,-1,-1,-1,-1,-1,-1,-1,-1,-1,-1,-1,-1
68,,,r43,,,,,,,,r43,r43,r43,r43,r43,r43,r43,r43,r43,r43,r43,r43,,,,,,,,,,,,,,-1,-1,-1,-1,-1,-1,-1,-1,-1,-1,-1,-1,-1,-1,-1,-1,-1
69,,,r44,,,,,,,,r44,r44,r44,r44,r44,r44,r44,r44,r44,r44,r44,r44,,,,,,,,,,,,,,-1,-1,-1,-1,-1,-1,-1,-1,-1,-1,-1,-1,-1,-1,-1,-1,-1
70,,,,s41,s42,s43,s44,s45,,s46,,,,,,,,,,s47,,,s48,,,,,,,,,,,,,-1,-1,-1,-1,-1,-1,-1,49,109,51,52,53,54,55,56,57,-1
71,,,r42,,,,,,,,r42,r42,r42,r42,r42,r42,r42,r42,r42,r42,r42,r42,,,,,,,,,,,,,,-1,-1,-1,-1,-1,-1,-1,-1,-1,-1,-1,-1,-1,-1,-1,-1,-1
72,,,,s66,s67,s68,s69,s70,,s71,,,,,,,,,,s72,,,s73,,,,,,,,,,,,,-1,-1,-1,-1,-1,-1,-1,74,-1,-1,-1,-1,-1,-1,110,82,-1
73,,,,s66,s67,s68,s69,s70,,s71,,,,,,,,,,s72,,,s73,,,,,,,,,,,,,-1,-1,-1,-1,-1,-1,-1,74,-1,-1,-1,-1,-1,-1,111,82,-1
74,,,r40,,,,,,,,r40,r40,r40,r40,r40,r40,r40,r40,r40,r40,r40,r40,,,,,,,,,,,s112,,,-1,-1,-1,-1,-1,-1,-1,-1,-1,-1,-1,-1,-1,-1,-1,-1,-1
75,,,s113,,,,,,,,s114,,,,,,,,,,,,,,,,,,,,,,,,,-1,-1,-1,-1,-1,-1,-1,-1,-1,-1,-1,-1,-1,-1,-1,-1,-1
76,,,r19,,,,,,,,r19,s115,,,,,,,,,,,,,,,,,,,,,,,,-1,-1,-1,-1,-1,-1,-1,-1,-1,-1,-1,-1,-1,-1,-1,-1,-1
77,,,r21,,,,,,,,r21,r21,s116,s117,,,,,,,,,,,,,,,,,,,,,,-1,-1,-1,-1,-1,-1,-1,-1,-1,-1,-1,-1,-1,-1,-1,-1,-1
78,,,r24,,,,,,,,r24,r24,r24,r24,,,,,,,,,,,,,,,,,,,,,,-1,-1,-1,-1,-1,-1,-1,-1,-1,-1,-1,-1,-1,-1,-1,-1,-1
79,,,r29,,,,,,,,r29,r29,r29,r29,s118,s119,s120,s121,s122,s123,,,,,,,,,,,,,,,,-1,-1,-1,-1,-1,-1,-1,-1,-1,-1,-1,-1,-1,-1,-1,-1,-1
80,,,r32,,,,,,,,r32,r32,r32,r32,r32,r32,r32,r32,r32,r32,s124,s125,,,,,,,,,,,,,,-1,-1,-1,-1,-1,-1,-1,-1,-1,-1,-1,-1,-1,-1,-1,-1,-1
81,,,r35,,,,,,,,r35,r35,r35,r35,r35,r35,r35,r35,r35,r35,r35,r35,,,,,,,,,,,,,,-1,-1,-1,-1,-1,-1,-1,-1,-1,-1,-1,-1,-1,-1,-1,-1,-1
82,,,r38,,,,,,,,r38,r38,r38,r38,r38,r38,r38,r38,r38,r38,r38,r38,,,,,,,,,,,,,,-1,-1,-1,-1,-1,-1,-1,-1,-1,-1,-1,-1,-1,-1,-1,-1,-1
83,,,,,,,,,,,,,,,,,,,,,,,,,,,,,,,,,,s126,,-1,-1,-1,-1,-1,-1,-1,-1,-1,-1,-1,-1,-1,-1,-1,-1,-1
84,r1,r1,,r1,,,,,,,,,,,,,,,,,,,,,r1,,r1,r1,r1,,,,,,,-1,-1,-1,-1,-1,-1,-1,-1,-1,-1,-1,-1,-1,-1,-1,-1,-1
85,,,,,,,,,s127,,s90,,,,,,,,,,,,,,,,,,,,,,,,,-1,-1,-1,-1,-1,-1,-1,-1,-1,-1,-1,-1,-1,-1,-1,-1,-1
86,,,,,,,,,r37,,r37,r37,r37,r37,r37,r37,r37,r37,r37,r37,r37,r37,,,,,,,,,,,,,,-1,-1,-1,-1,-1,-1,-1,-1,-1,-1,-1,-1,-1,-1,-1,-1,-1
87,,,,,,,,,r36,,r36,r36,r36,r36,r36,r36,r36,r36,r36,r36,r36,r36,,,,,,,,,,,,,,-1,-1,-1,-1,-1,-1,-1,-1,-1,-1,-1,-1,-1,-1,-1,-1,-1
88,,,,,s128,,,,,,,,,,,,,,,,,,,,,,,,,,,,,,,-1,-1,-1,-1,-1,-1,-1,-1,-1,-1,-1,-1,-1,-1,-1,-1,-1
89,s129,,,s15,,,,,,,,,,,,,,,,,,,,,s130,,s131,s132,s133,,,,,,,-1,134,-1,-1,-1,-1,135,136,-1,-1,-1,-1,-1,-1,-1,-1,-1
90,,,,s41,s42,s43,s44,s45,,s46,,,,,,,,,,s47,,,s48,,,,,,,,,,,,,-1,-1,-1,-1,-1,-1,-1,49,-1,137,52,53,54,55,56,57,-1
91,,,,s41,s42,s43,s44,s45,,s46,,,,,,,,,,s47,,,s48,,,,,,,,,,,,,-1,-1,-1,-1,-1,-1,-1,49,-1,-1,138,53,54,55,56,57,-1
92,,,,s41,s42,s43,s44,s45,,s46,,,,,,,,,,s47,,,s48,,,,,,,,,,,,,-1,-1,-1,-1,-1,-1,-1,49,-1,-1,-1,139,54,55,56,57,-1
93,,,,s41,s42,s43,s44,s45,,s46,,,,,,,,,,s47,,,s48,,,,,,,,,,,,,-1,-1,-1,-1,-1,-1,-1,49,-1,-1,-1,140,54,55,56,57,-1
94,,,,s141,s142,s143,s144,s145,,s146,,,,,,,,,,s147,,,s148,,,,,,,,,,,,,-1,-1,-1,-1,-1,-1,-1,149,-1,-1,-1,-1,150,151,152,153,-1
95,,,,s141,s142,s143,s144,s145,,s146,,,,,,,,,,s147,,,s148,,,,,,,,,,,,,-1,-1,-1,-1,-1,-1,-1,149,-1,-1,-1,-1,154,151,152,153,-1
96,,,,s141,s142,s143,s144,s145,,s146,,,,,,,,,,s147,,,s148,,,,,,,,,,,,,-1,-1,-1,-1,-1,-1,-1,149,-1,-1,-1,-1,155,151,152,153,-1
97,,,,s141,s142,s143,s144,s145,,s146,,,,,,,,,,s147,,,s148,,,,,,,,,,,,,-1,-1,-1,-1,-1,-1,-1,149,-1,-1,-1,-1,156,151,152,153,-1
98,,,,s41,s42,s43,s44,s45,,s46,,,,,,,,,,s47,,,s48,,,,,,,,,,,,,-1,-1,-1,-1,-1,-1,-1,49,-1,-1,-1,-1,-1,157,56,57,-1
99,,,,s41,s42,s43,s44,s45,,s46,,,,,,,,,,s47,,,s48,,,,,,,,,,,,,-1,-1,-1,-1,-1,-1,-1,49,-1,-1,-1,-1,-1,158,56,57,-1
100,,,,s41,s42,s43,s44,s45,,s46,,,,,,,,,,s47,,,s48,,,,,,,,,,,,,-1,-1,-1,-1,-1,-1,-1,49,-1,-1,-1,-1,-1,-1,159,57,-1
101,,,,s41,s42,s43,s44,s45,,s46,,,,,,,,,,s47,,,s48,,,,,,,,,,,,,-1,-1,-1,-1,-1,-1,-1,49,-1,-1,-1,-1,-1,-1,160,57,-1
102,s13,,,s15,,,,,,,,,,,,,,,,,,,,,s16,,s17,s18,s19,,,,,,,-1,20,-1,-1,-1,-1,161,22,-1,-1,-1,-1,-1,-1,-1,-1,-1
103,s13,s162,,s15,,,,,,,,,,,,,,,,,,,,,s16,,s17,s18,s19,,,,,,,-1,20,-1,-1,-1,-1,21,22,-1,-1,-1,-1,-1,-1,-1,-1,-1
104,,,,,,,,,s163,,s90,,,,,,,,,,,,,,,,,,,,,,,,,-1,-1,-1,-1,-1,-1,-1,-1,-1,-1,-1,-1,-1,-1,-1,-1,-1
105,,,,,,,,,s164,,s90,,,,,,,,,,,,,,,,,,,,,,,,,-1,-1,-1,-1,-1,-1,-1,-1,-1,-1,-1,-1,-1,-1,-1,-1,-1
106,,,,,,,,s165,,,,,,,,,,,,,,,,,,,,,,,,,,,,-1,-1,-1,-1,-1,-1,-1,-1,-1,-1,-1,-1,-1,-1,-1,-1,-1
107,,,,s41,s42,s43,s44,s45,,s46,,,,,,,,,,s47,,,s48,,,,,,,,,,,,,-1,-1,-1,-1,-1,-1,-1,49,166,51,52,53,54,55,56,57,-1
108,,,s167,,,,,,,,s114,,,,,,,,,,,,,,,,,,,,,,,,,-1,-1,-1,-1,-1,-1,-1,-1,-1,-1,-1,-1,-1,-1,-1,-1,-1
109,,,,,,,,,s168,,s90,,,,,,,,,,,,,,,,,,,,,,,,,-1,-1,-1,-1,-1,-1,-1,-1,-1,-1,-1,-1,-1,-1,-1,-1,-1
110,,,r37,,,,,,,,r37,r37,r37,r37,r37,r37,r37,r37,r37,r37,r37,r37,,,,,,,,,,,,,,-1,-1,-1,-1,-1,-1,-1,-1,-1,-1,-1,-1,-1,-1,-1,-1,-1
111,,,r36,,,,,,,,r36,r36,r36,r36,r36,r36,r36,r36,r36,r36,r36,r36,,,,,,,,,,,,,,-1,-1,-1,-1,-1,-1,-1,-1,-1,-1,-1,-1,-1,-1,-1,-1,-1
112,,,,,s169,,,,,,,,,,,,,,,,,,,,,,,,,,,,,,,-1,-1,-1,-1,-1,-1,-1,-1,-1,-1,-1,-1,-1,-1,-1,-1,-1
113,r9,r9,,r9,,,,,,,,,,,,,,,,,,,,,r9,,r9,r9,r9,,,,,,,-1,-1,-1,-1,-1,-1,-1,-1,-1,-1,-1,-1,-1,-1,-1,-1,-1
114,,,,s66,s67,s68,s69,s70,,s71,,,,,,,,,,s72,,,s73,,,,,,,,,,,,,-1,-1,-1,-1,-1,-1,-1,74,-1,170,77,78,79,80,81,82,-1
115,,,,s66,s67,s68,s69,s70,,s71,,,,,,,,,,s72,,,s73,,,,,,,,,,,,,-1,-1,-1,-1,-1,-1,-1,74,-1,-1,171,78,79,80,81,82,-1
116,,,,s66,s67,s68,s69,s70,,s71,,,,,,,,,,s72,,,s73,,,,,,,,,,,,,-1,-1,-1,-1,-1,-1,-1,74,-1,-1,-1,172,79,80,81,82,-1
117,,,,s66,s67,s68,s69,s70,,s71,,,,,,,,,,s72,,,s73,,,,,,,,,,,,,-1,-1,-1,-1,-1,-1,-1,74,-1,-1,-1,173,79,80,81,82,-1
118,,,,s174,s175,s176,s177,s178,,s179,,,,,,,,,,s180,,,s181,,,,,,,,,,,,,-1,-1,-1,-1,-1,-1,-1,182,-1,-1,-1,-1,183,184,185,186,-1
119,,,,s174,s175,s176,s177,s178,,s179,,,,,,,,,,s180,,,s181,,,,,,,,,,,,,-1,-1,-1,-1,-1,-1,-1,182,-1,-1,-1,-1,187,184,185,186,-1
120,,,,s174,s175,s176,s177,s178,,s179,,,,,,,,,,s180,,,s181,,,,,,,,,,,,,-1,-1,-1,-1,-1,-1,-1,182,-1,-1,-1,-1,188,184,185,186,-1
121,,,,s174,s175,s176,s177,s178,,s179,,,,,,,,,,s180,,,s181,,,,,,,,,,,,,-1,-1,-1,-1,-1,-1,-1,182,-1,-1,-1,-1,189,184,185,186,-1
122,,,,s66,s67,s68,s69,s70,,s71,,,,,,,,,,s72,,,s73,,,,,,,,,,,,,-1,-1,-1,-1,-1,-1,-1,74,-1,-1,-1,-1,-1,190,81,82,-1
123,,,,s66,s67,s68,s69,s70,,s71,,,,,,,,,,s72,,,s73,,,,,,,,,,,,,-1,-1,-1,-1,-1,-1,-1,74,-1,-1,-1,-1,-1,191,81,82,-1
124,,,,s66,s67,s68,s69,s70,,s71,,,,,,,,,,s72,,,s73,,,,,,,,,,,,,-1,-1,-1,-1,-1,-1,-1,74,-1,-1,-1,-1,-1,-1,192,82,-1
125,,,,s66,s67,s68,s69,s70,,s71,,,,,,,,,,s72,,,s73,,,,,,,,,,,,,-1,-1,-1,-1,-1,-1,-1,74,-1,-1,-1,-1,-1,-1,193,82,-1
126,,,,,,,,,,,,,,,,,,,,,,,,r16,,,,,,,,,r16,,,-1,-1,-1,-1,-1,-1,-1,-1,-1,-1,-1,-1,-1,-1,-1,-1,-1
127,,,,,,,,,r39,,r39,r39,r39,r39,r39,r39,r39,r39,r39,r39,r39,r39,,,,,,,,,,,,,,-1,-1,-1,-1,-1,-1,-1,-1,-1,-1,-1,-1,-1,-1,-1,-1,-1
128,,,,,,,,,,,,,,,,,,,,,,,,,,,,,,,,,,s194,,-1,-1,-1,-1,-1,-1,-1,-1,-1,-1,-1,-1,-1,-1,-1,-1,-1
129,r3,r3,,r3,,,,,,,,,,,,,,,,,,,,,r3,,r3,r3,r3,r3,r3,r3,,,,-1,-1,195,-1,-1,-1,-1,-1,-1,-1,-1,-1,-1,-1,-1,-1,-1
130,,,,,,,,s196,,,,,,,,,,,,,,,,,,,,,,,,,,,,-1,-1,-1,-1,-1,-1,-1,-1,-1,-1,-1,-1,-1,-1,-1,-1,-1
131,,,,,,,,s197,,,,,,,,,,,,,,,,,,,,,,,,,,,,-1,-1,-1,-1,-1,-1,-1,-1,-1,-1,-1,-1,-1,-1,-1,-1,-1
132,s28,,,s15,,,,,,,,,,,,,,,,,,,,,s29,,s30,s31,s32,,,,,,,-1,33,-1,-1,-1,-1,198,35,-1,-1,-1,-1,-1,-1,-1,-1,-1
133,,,s199,,,,,,,,,,,,,,,,,,,,,,,,,,,,,,,,,-1,-1,-1,-1,-1,-1,-1,-1,-1,-1,-1,-1,-1,-1,-1,-1,-1
134,r15,r15,,r15,,,,,,,,,,,,,,,,,,,,,r15,r15,r15,r15,r15,,,,,,,-1,-1,-1,-1,-1,-1,-1,-1,-1,-1,-1,-1,-1,-1,-1,-1,-1
135,r10,r10,,r10,,,,,,,,,,,,,,,,,,,,,r10,s200,r10,r10,r10,,,,,,,-1,-1,-1,-1,-1,-1,-1,-1,-1,-1,-1,-1,-1,-1,-1,-1,-1
136,,,,,,,,,,,,,,,,,,,,,,,,s201,,,,,,,,,s38,,,-1,-1,-1,-1,-1,-1,-1,-1,-1,-1,-1,-1,-1,-1,-1,-1,-1
137,,,,,,,,,r18,,r18,s91,,,,,,,,,,,,,,,,,,,,,,,,-1,-1,-1,-1,-1,-1,-1,-1,-1,-1,-1,-1,-1,-1,-1,-1,-1
138,,,,,,,,,r20,,r20,r20,s92,s93,,,,,,,,,,,,,,,,,,,,,,-1,-1,-1,-1,-1,-1,-1,-1,-1,-1,-1,-1,-1,-1,-1,-1,-1
139,,,,,,,,,r22,,r22,r22,r22,r22,,,,,,,,,,,,,,,,,,,,,,-1,-1,-1,-1,-1,-1,-1,-1,-1,-1,-1,-1,-1,-1,-1,-1,-1
140,,,,,,,,,r23,,r23,r23,r23,r23,,,,,,,,,,,,,,,,,,,,,,-1,-1,-1,-1,-1,-1,-1,-1,-1,-1,-1,-1,-1,-1,-1,-1,-1
141,,,,,,,,,r17,,r17,r17,r17,r17,,,,,r17,r17,r17,r17,,,,,,,,,,,r17,,,-1,-1,-1,-1,-1,-1,-1,-1,-1,-1,-1,-1,-1,-1,-1,-1,-1
142,,,,,,,,,r41,,r41,r41,r41,r41,,,,,r41,r41,r41,r41,,,,,,,,,,,,,,-1,-1,-1,-1,-1,-1,-1,-1,-1,-1,-1,-1,-1,-1,-1,-1,-1
143,,,,,,,,,r43,,r43,r43,r43,r43,,,,,r43,r43,r43,r43,,,,,,,,,,,,,,-1,-1,-1,-1,-1,-1,-1,-1,-1,-1,-1,-1,-1,-1,-1,-1,-1
144,,,,,,,,,r44,,r44,r44,r44,r44,,,,,r44,r44,r44,r44,,,,,,,,,,,,,,-1,-1,-1,-1,-1,-1,-1,-1,-1,-1,-1,-1,-1,-1,-1,-1,-1
145,,,,s41,s42,s43,s44,s45,,s46,,,,,,,,,,s47,,,s48,,,,,,,,,,,,,-1,-1,-1,-1,-1,-1,-1,49,202,51,52,53,54,55,56,57,-1
146,,,,,,,,,r42,,r42,r42,r42,r42,,,,,r42,r42,r42,r42,,,,,,,,,,,,,,-1,-1,-1,-1,-1,-1,-1,-1,-1,-1,-1,-1,-1,-1,-1,-1,-1
147,,,,s141,s142,s143,s144,s145,,s146,,,,,,,,,,s147,,,s148,,,,,,,,,,,,,-1,-1,-1,-1,-1,-1,-1,149,-1,-1,-1,-1,-1,-1,203,153,-1
148,,,,s141,s142,s143,s144,s145,,s146,,,,,,,,,,s147,,,s148,,,,,,,,,,,,,-1,-1,-1,-1,-1,-1,-1,149,-1,-1,-1,-1,-1,-1,204,153,-1
149,,,,,,,,,r40,,r40,r40,r40,r40,,,,,r40,r40,r40,r40,,,,,,,,,,,s205,,,-1,-1,-1,-1,-1,-1,-1,-1,-1,-1,-1,-1,-1,-1,-1,-1,-1
150,,,,,,,,,r25,,r25,r25,r25,r25,,,,,s206,s207,,,,,,,,,,,,,,,,-1,-1,-1,-1,-1,-1,-1,-1,-1,-1,-1,-1,-1,-1,-1,-1,-1
151,,,,,,,,,r32,,r32,r32,r32,r32,,,,,r32,r32,s208,s209,,,,,,,,,,,,,,-1,-1,-1,-1,-1,-1,-1,-1,-1,-1,-1,-1,-1,-1,-1,-1,-1
152,,,,,,,,,r35,,r35,r35,r35,r35,,,,,r35,r35,r35,r35,,,,,,,,,,,,,,-1,-1,-1,-1,-1,-1,-1,-1,-1,-1,-1,-1,-1,-1,-1,-1,-1
153,,,,,,,,,r38,,r38,r38,r38,r38,,,,,r38,r38,r38,r38,,,,,,,,,,,,,,-1,-1,-1,-1,-1,-1,-1,-1,-1,-1,-1,-1,-1,-1,-1,-1,-1
154,,,,,,,,,r26,,r26,r26,r26,r26,,,,,s206,s207,,,,,,,,,,,,,,,,-1,-1,-1,-1,-1,-1,-1,-1,-1,-1,-1,-1,-1,-1,-1,-1,-1
155,,,,,,,,,r28,,r28,r28,r28,r28,,,,,s206,s207,,,,,,,,,,,,,,,,-1,-1,-1,-1,-1,-1,-1,-1,-1,-1,-1,-1,-1,-1,-1,-1,-1
156,,,,,,,,,r27,,r27,r27,r27,r27,,,,,s206,s207,,,,,,,,,,,,,,,,-1,-1,-1,-1,-1,-1,-1,-1,-1,-1,-1,-1,-1,-1,-1,-1,-1
157,,,,,,,,,r30,,r30,r30,r30,r30,r30,r30,r30,r30,r30,r30,s100,s101,,,,,,,,,,,,,,-1,-1,-1,-1,-1,-1,-1,-1,-1,-1,-1,-1,-1,-1,-1,-1,-1
158,,,,,,,,,r31,,r31,r31,r31,r31,r31,r31,r31,r31,r31,r31,s100,s101,,,,,,,,,,,,,,-1,-1,-1,-1,-1,-1,-1,-1,-1,-1,-1,-1,-1,-1,-1,-1,-1
159,,,,,,,,,r33,,r33,r33,r33,r33,r33,r33,r33,r33,r33,r33,r33,r33,,,,,,,,,,,,,,-1,-1,-1,-1,-1,-1,-1,-1,-1,-1,-1,-1,-1,-1,-1,-1,-1
160,,,,,,,,,r34,,r34,r34,r34,r34,r34,r34,r34,r34,r34,r34,r34,r34,,,,,,,,,,,,,,-1,-1,-1,-1,-1,-1,-1,-1,-1,-1,-1,-1,-1,-1,-1,-1,-1
161,r12,r12,,r12,,,,,,,,,,,,,,,,,,,,,r12,,r12,r12,r12,,,,,,,-1,-1,-1,-1,-1,-1,-1,-1,-1,-1,-1,-1,-1,-1,-1,-1,-1
162,,,,,,,,,,,,,,,,,,,,,,,,,,,r1,,,,,,,,,-1,-1,-1,-1,-1,-1,-1,-1,-1,-1,-1,-1,-1,-1,-1,-1,-1
163,s210,,,s15,,,,,,,,,,,,,,,,,,,,,s211,,s212,s213,s214,,,,,,,-1,215,-1,-1,-1,-1,216,217,-1,-1,-1,-1,-1,-1,-1,-1,-1
164,s28,,,s15,,,,,,,,,,,,,,,,,,,,,s29,,s30,s31,s32,,,,,,,-1,33,-1,-1,-1,-1,218,35,-1,-1,-1,-1,-1,-1,-1,-1,-1
165,,,,s41,s42,s43,s44,s45,,s46,,,,,,,,,,s47,,,s48,,,,,,,,,,,,,-1,-1,-1,-1,-1,-1,-1,49,219,51,52,53,54,55,56,57,-1
166,,,,,,,,,s220,,s90,,,,,,,,,,,,,,,,,,,,,,,,,-1,-1,-1,-1,-1,-1,-1,-1,-1,-1,-1,-1,-1,-1,-1,-1,-1
167,,,,,,,,,,,,,,,,,,,,,,,,,,,r9,,,,,,,,,-1,-1,-1,-1,-1,-1,-1,-1,-1,-1,-1,-1,-1,-1,-1,-1,-1
168,,,r39,,,,,,,,r39,r39,r39,r39,r39,r39,r39,r39,r39,r39,r39,r39,,,,,,,,,,,,,,-1,-1,-1,-1,-1,-1,-1,-1,-1,-1,-1,-1,-1,-1,-1,-1,-1
169,,,,,,,,,,,,,,,,,,,,,,,,,,,,,,,,,,s221,,-1,-1,-1,-1,-1,-1,-1,-1,-1,-1,-1,-1,-1,-1,-1,-1,-1
170,,,r18,,,,,,,,r18,s115,,,,,,,,,,,,,,,,,,,,,,,,-1,-1,-1,-1,-1,-1,-1,-1,-1,-1,-1,-1,-1,-1,-1,-1,-1
171,,,r20,,,,,,,,r20,r20,s116,s117,,,,,,,,,,,,,,,,,,,,,,-1,-1,-1,-1,-1,-1,-1,-1,-1,-1,-1,-1,-1,-1,-1,-1,-1
172,,,r22,,,,,,,,r22,r22,r22,r22,,,,,,,,,,,,,,,,,,,,,,-1,-1,-1,-1,-1,-1,-1,-1,-1,-1,-1,-1,-1,-1,-1,-1,-1
173,,,r23,,,,,,,,r23,r23,r23,r23,,,,,,,,,,,,,,,,,,,,,,-1,-1,-1,-1,-1,-1,-1,-1,-1,-1,-1,-1,-1,-1,-1,-1,-1
174,,,r17,,,,,,,,r17,r17,r17,r17,,,,,r17,r17,r17,r17,,,,,,,,,,,r17,,,-1,-1,-1,-1,-1,-1,-1,-1,-1,-1,-1,-1,-1,-1,-1,-1,-1
175,,,r41,,,,,,,,r41,r41,r41,r41,,,,,r41,r41,r41,r41,,,,,,,,,,,,,,-1,-1,-1,-1,-1,-1,-1,-1,-1,-1,-1,-1,-1,-1,-1,-1,-1
176,,,r43,,,,,,,,r43,r43,r43,r43,,,,,r43,r43,r43,r43,,,,,,,,,,,,,,-1,-1,-1,-1,-1,-1,-1,-1,-1,-1,-1,-1,-1,-1,-1,-1,-1
177,,,r44,,,,,,,,r44,r44,r44,r44,,,,,r44,r44,r44,r44,,,,,,,,,,,,,,-1,-1,-1,-1,-1,-1,-1,-1,-1,-1,-1,-1,-1,-1,-1,-1,-1
178,,,,s41,s42,s43,s44,s45,,s46,,,,,,,,,,s47,,,s48,,,,,,,,,,,,,-1,-1,-1,-1,-1,-1,-1,49,222,51,52,53,54,55,56,57,-1
179,,,r42,,,,,,,,r42,r42,r42,r42,,,,,r42,r42,r42,r42,,,,,,,,,,,,,,-1,-1,-1,-1,-1,-1,-1,-1,-1,-1,-1,-1,-1,-1,-1,-1,-1
180,,,,s174,s175,s176,s177,s178,,s179,,,,,,,,,,s180,,,s181,,,,,,,,,,,,,-1,-1,-1,-1,-1,-1,-1,182,-1,-1,-1,-1,-1,-1,223,186,-1
181,,,,s174,s175,s176,s177,s178,,s179,,,,,,,,,,s180,,,s181,,,,,,,,,,,,,-1,-1,-1,-1,-1,-1,-1,182,-1,-1,-1,-1,-1,-1,224,186,-1
182,,,r40,,,,,,,,r40,r40,r40,r40,,,,,r40,r40,r40,r40,,,,,,,,,,,s225,,,-1,-1,-1,-1,-1,-1,-1,-1,-1,-1,-1,-1,-1,-1,-1,-1,-1
183,,,r25,,,,,,,,r25,r25,r25,r25,,,,,s226,s227,,,,,,,,,,,,,,,,-1,-1,-1,-1,-1,-1,-1,-1,-1,-1,-1,-1,-1,-1,-1,-1,-1
184,,,r32,,,,,,,,r32,r32,r32,r32,,,,,r32,r32,s228,s229,,,,,,,,,,,,,,-1,-1,-1,-1,-1,-1,-1,-1,-1,-1,-1,-1,-1,-1,-1,-1,-1
185,,,r35,,,,,,,,r35,r35,r35,r35,,,,,r35,r35,r35,r35,,,,,,,,,,,,,,-1,-1,-1,-1,-1,-1,-1,-1,-1,-1,-1,-1,-1,-1,-1,-1,-1
186,,,r38,,,,,,,,r38,r38,r38,r38,,,,,r38,r38,r38,r38,,,,,,,,,,,,,,-1,-1,-1,-1,-1,-1,-1,-1,-1,-1,-1,-1,-1,-1,-1,-1,-1
187,,,r26,,,,,,,,r26,r26,r26,r26,,,,,s226,s227,,,,,,,,,,,,,,,,-1,-1,-1,-1,-1,-1,-1,-1,-1,-1,-1,-1,-1,-1,-1,-1,-1
188,,,r28,,,,,,,,r28,r28,r28,r28,,,,,s226,s227,,,,,,,,,,,,,,,,-1,-1,-1,-1,-1,-1,-1,-1,-1,-1,-1,-1,-1,-1,-1,-1,-1
189,,,r27,,,,,,,,r27,r27,r27,r27,,,,,s226,s227,,,,,,,,,,,,,,,,-1,-1,-1,-1,-1,-1,-1,-1,-1,-1,-1,-1,-1,-1,-1,-1,-1
190,,,r30,,,,,,,,r30,r30,r30,r30,r30,r30,r30,r30,r30,r30,s124,s125,,,,,,,,,,,,,,-1,-1,-1,-1,-1,-1,-1,-1,-1,-1,-1,-1,-1,-1,-1,-1,-1
191,,,r31,,,,,,,,r31,r31,r31,r31,r31,r31,r31,r31,r31,r31,s124,s125,,,,,,,,,,,,,,-1,-1,-1,-1,-1,-1,-1,-1,-1,-1,-1,-1,-1,-1,-1,-1,-1
192,,,r33,,,,,,,,r33,r33,r33,r33,r33,r33,r33,r33,r33,r33,r33,r33,,,,,,,,,,,,,,-1,-1,-1,-1,-1,-1,-1,-1,-1,-1,-1,-1,-1,-1,-1,-1,-1
193,,,r34,,,,,,,,r34,r34,r34,r34,r34,r34,r34,r34,r34,r34,r34,r34,,,,,,,,,,,,,,-1,-1,-1,-1,-1,-1,-1,-1,-1,-1,-1,-1,-1,-1,-1,-1,-1
194,,,,,,,,,r16,,r16,r16,r16,r16,r16,r16,r16,r16,r16,r16,r16,r16,,,,,,,,,,,r16,,,-1,-1,-1,-1,-1,-1,-1,-1,-1,-1,-1,-1,-1,-1,-1,-1,-1
195,r8,r8,,r8,,,,,,,,,,,,,,,,,,,,,r8,,r8,r8,r8,s4,s5,s6,,,,-1,-1,-1,7,8,230,-1,-1,-1,-1,-1,-1,-1,-1,-1,-1,10
196,,,,s41,s42,s43,s44,s45,,s46,,,,,,,,,,s47,,,s48,,,,,,,,,,,,,-1,-1,-1,-1,-1,-1,-1,49,231,51,52,53,54,55,56,57,-1
197,,,,s41,s42,s43,s44,s45,,s46,,,,,,,,,,s47,,,s48,,,,,,,,,,,,,-1,-1,-1,-1,-1,-1,-1,49,232,51,52,53,54,55,56,57,-1
198,,,,,,,,,,,,,,,,,,,,,,,,,,,s233,,,,,,,,,-1,-1,-1,-1,-1,-1,-1,-1,-1,-1,-1,-1,-1,-1,-1,-1,-1
199,r14,r14,,r14,,,,,,,,,,,,,,,,,,,,,r14,r14,r14,r14,r14,,,,,,,-1,-1,-1,-1,-1,-1,-1,-1,-1,-1,-1,-1,-1,-1,-1,-1,-1
200,s13,,,s15,,,,,,,,,,,,,,,,,,,,,s16,,s17,s18,s19,,,,,,,-1,20,-1,-1,-1,-1,234,22,-1,-1,-1,-1,-1,-1,-1,-1,-1
201,,,,s66,s67,s68,s69,s70,,s71,,,,,,,,,,s72,,,s73,,,,,,,,,,,,,-1,-1,-1,-1,-1,-1,-1,74,235,76,77,78,79,80,81,82,-1
202,,,,,,,,,s236,,s90,,,,,,,,,,,,,,,,,,,,,,,,,-1,-1,-1,-1,-1,-1,-1,-1,-1,-1,-1,-1,-1,-1,-1,-1,-1
203,,,,,,,,,r37,,r37,r37,r37,r37,,,,,r37,r37,r37,r37,,,,,,,,,,,,,,-1,-1,-1,-1,-1,-1,-1,-1,-1,-1,-1,-1,-1,-1,-1,-1,-1
204,,,,,,,,,r36,,r36,r36,r36,r36,,,,,r36,r36,r36,r36,,,,,,,,,,,,,,-1,-1,-1,-1,-1,-1,-1,-1,-1,-1,-1,-1,-1,-1,-1,-1,-1
205,,,,,s237,,,,,,,,,,,,,,,,,,,,,,,,,,,,,,,-1,-1,-1,-1,-1,-1,-1,-1,-1,-1,-1,-1,-1,-1,-1,-1,-1
206,,,,s141,s142,s143,s144,s145,,s146,,,,,,,,,,s147,,,s148,,,,,,,,,,,,,-1,-1,-1,-1,-1,-1,-1,149,-1,-1,-1,-1,-1,238,152,153,-1
207,,,,s141,s142,s143,s144,s145,,s146,,,,,,,,,,s147,,,s148,,,,,,,,,,,,,-1,-1,-1,-1,-1,-1,-1,149,-1,-1,-1,-1,-1,239,152,153,-1
208,,,,s141,s142,s143,s144,s145,,s146,,,,,,,,,,s147,,,s148,,,,,,,,,,,,,-1,-1,-1,-1,-1,-1,-1,149,-1,-1,-1,-1,-1,-1,240,153,-1
209,,,,s141,s142,s143,s144,s145,,s146,,,,,,,,,,s147,,,s148,,,,,,,,,,,,,-1,-1,-1,-1,-1,-1,-1,149,-1,-1,-1,-1,-1,-1,241,153,-1
210,r3,r3,,r3,,,,,,,,,,,,,,,,,,,,,r3,,r3,r3,r3,r3,r3,r3,,,,-1,-1,242,-1,-1,-1,-1,-1,-1,-1,-1,-1,-1,-1,-1,-1,-1
211,,,,,,,,s243,,,,,,,,,,,,,,,,,,,,,,,,,,,,-1,-1,-1,-1,-1,-1,-1,-1,-1,-1,-1,-1,-1,-1,-1,-1,-1
212,,,,,,,,s244,,,,,,,,,,,,,,,,,,,,,,,,,,,,-1,-1,-1,-1,-1,-1,-1,-1,-1,-1,-1,-1,-1,-1,-1,-1,-1
213,s28,,,s15,,,,,,,,,,,,,,,,,,,,,s29,,s30,s31,s32,,,,,,,-1,33,-1,-1,-1,-1,245,35,-1,-1,-1,-1,-1,-1,-1,-1,-1
214,,,s246,,,,,,,,,,,,,,,,,,,,,,,,,,,,,,,,,-1,-1,-1,-1,-1,-1,-1,-1,-1,-1,-1,-1,-1,-1,-1,-1,-1
215,,,,,,,,,,,,,,,,,,,,,,,,,,r15,r15,,,,,,,,,-1,-1,-1,-1,-1,-1,-1,-1,-1,-1,-1,-1,-1,-1,-1,-1,-1
216,,,,,,,,,,,,,,,,,,,,,,,,,,s247,r10,,,,,,,,,-1,-1,-1,-1,-1,-1,-1,-1,-1,-1,-1,-1,-1,-1,-1,-1,-1
217,,,,,,,,,,,,,,,,,,,,,,,,s248,,,,,,,,,s38,,,-1,-1,-1,-1,-1,-1,-1,-1,-1,-1,-1,-1,-1,-1,-1,-1,-1
218,,,,,,,,,,,,,,,,,,,,,,,,,,,r12,,,,,,,,,-1,-1,-1,-1,-1,-1,-1,-1,-1,-1,-1,-1,-1,-1,-1,-1,-1
219,,,,,,,,,s249,,s90,,,,,,,,,,,,,,,,,,,,,,,,,-1,-1,-1,-1,-1,-1,-1,-1,-1,-1,-1,-1,-1,-1,-1,-1,-1
220,,,s250,,,,,,,,,,,,,,,,,,,,,,,,,,,,,,,,,-1,-1,-1,-1,-1,-1,-1,-1,-1,-1,-1,-1,-1,-1,-1,-1,-1
221,,,r16,,,,,,,,r16,r16,r16,r16,r16,r16,r16,r16,r16,r16,r16,r16,,,,,,,,,,,r16,,,-1,-1,-1,-1,-1,-1,-1,-1,-1,-1,-1,-1,-1,-1,-1,-1,-1
222,,,,,,,,,s251,,s90,,,,,,,,,,,,,,,,,,,,,,,,,-1,-1,-1,-1,-1,-1,-1,-1,-1,-1,-1,-1,-1,-1,-1,-1,-1
223,,,r37,,,,,,,,r37,r37,r37,r37,,,,,r37,r37,r37,r37,,,,,,,,,,,,,,-1,-1,-1,-1,-1,-1,-1,-1,-1,-1,-1,-1,-1,-1,-1,-1,-1
224,,,r36,,,,,,,,r36,r36,r36,r36,,,,,r36,r36,r36,r36,,,,,,,,,,,,,,-1,-1,-1,-1,-1,-1,-1,-1,-1,-1,-1,-1,-1,-1,-1,-1,-1
225,,,,,s252,,,,,,,,,,,,,,,,,,,,,,,,,,,,,,,-1,-1,-1,-1,-1,-1,-1,-1,-1,-1,-1,-1,-1,-1,-1,-1,-1
226,,,,s174,s175,s176,s177,s178,,s179,,,,,,,,,,s180,,,s181,,,,,,,,,,,,,-1,-1,-1,-1,-1,-1,-1,182,-1,-1,-1,-1,-1,253,185,186,-1
227,,,,s174,s175,s176,s177,s178,,s179,,,,,,,,,,s180,,,s181,,,,,,,,,,,,,-1,-1,-1,-1,-1,-1,-1,182,-1,-1,-1,-1,-1,254,185,186,-1
228,,,,s174,s175,s176,s177,s178,,s179,,,,,,,,,,s180,,,s181,,,,,,,,,,,,,-1,-1,-1,-1,-1,-1,-1,182,-1,-1,-1,-1,-1,-1,255,186,-1
229,,,,s174,s175,s176,s177,s178,,s179,,,,,,,,,,s180,,,s181,,,,,,,,,,,,,-1,-1,-1,-1,-1,-1,-1,182,-1,-1,-1,-1,-1,-1,256,186,-1
230,s13,s257,,s15,,,,,,,,,,,,,,,,,,,,,s16,,s17,s18,s19,,,,,,,-1,20,-1,-1,-1,-1,21,22,-1,-1,-1,-1,-1,-1,-1,-1,-1
231,,,,,,,,,s258,,s90,,,,,,,,,,,,,,,,,,,,,,,,,-1,-1,-1,-1,-1,-1,-1,-1,-1,-1,-1,-1,-1,-1,-1,-1,-1
232,,,,,,,,,s259,,s90,,,,,,,,,,,,,,,,,,,,,,,,,-1,-1,-1,-1,-1,-1,-1,-1,-1,-1,-1,-1,-1,-1,-1,-1,-1
233,,,,,,,,s260,,,,,,,,,,,,,,,,,,,,,,,,,,,,-1,-1,-1,-1,-1,-1,-1,-1,-1,-1,-1,-1,-1,-1,-1,-1,-1
234,r11,r11,,r11,,,,,,,,,,,,,,,,,,,,,r11,,r11,r11,r11,,,,,,,-1,-1,-1,-1,-1,-1,-1,-1,-1,-1,-1,-1,-1,-1,-1,-1,-1
235,,,s261,,,,,,,,s114,,,,,,,,,,,,,,,,,,,,,,,,,-1,-1,-1,-1,-1,-1,-1,-1,-1,-1,-1,-1,-1,-1,-1,-1,-1
236,,,,,,,,,r39,,r39,r39,r39,r39,,,,,r39,r39,r39,r39,,,,,,,,,,,,,,-1,-1,-1,-1,-1,-1,-1,-1,-1,-1,-1,-1,-1,-1,-1,-1,-1
237,,,,,,,,,,,,,,,,,,,,,,,,,,,,,,,,,,s262,,-1,-1,-1,-1,-1,-1,-1,-1,-1,-1,-1,-1,-1,-1,-1,-1,-1
238,,,,,,,,,r30,,r30,r30,r30,r30,,,,,r30,r30,s208,s209,,,,,,,,,,,,,,-1,-1,-1,-1,-1,-1,-1,-1,-1,-1,-1,-1,-1,-1,-1,-1,-1
239,,,,,,,,,r31,,r31,r31,r31,r31,,,,,r31,r31,s208,s209,,,,,,,,,,,,,,-1,-1,-1,-1,-1,-1,-1,-1,-1,-1,-1,-1,-1,-1,-1,-1,-1
240,,,,,,,,,r33,,r33,r33,r33,r33,,,,,r33,r33,r33,r33,,,,,,,,,,,,,,-1,-1,-1,-1,-1,-1,-1,-1,-1,-1,-1,-1,-1,-1,-1,-1,-1
241,,,,,,,,,r34,,r34,r34,r34,r34,,,,,r34,r34,r34,r34,,,,,,,,,,,,,,-1,-1,-1,-1,-1,-1,-1,-1,-1,-1,-1,-1,-1,-1,-1,-1,-1
242,r8,r8,,r8,,,,,,,,,,,,,,,,,,,,,r8,,r8,r8,r8,s4,s5,s6,,,,-1,-1,-1,7,8,263,-1,-1,-1,-1,-1,-1,-1,-1,-1,-1,10
243,,,,s41,s42,s43,s44,s45,,s46,,,,,,,,,,s47,,,s48,,,,,,,,,,,,,-1,-1,-1,-1,-1,-1,-1,49,264,51,52,53,54,55,56,57,-1
244,,,,s41,s42,s43,s44,s45,,s46,,,,,,,,,,s47,,,s48,,,,,,,,,,,,,-1,-1,-1,-1,-1,-1,-1,49,265,51,52,53,54,55,56,57,-1
245,,,,,,,,,,,,,,,,,,,,,,,,,,,s266,,,,,,,,,-1,-1,-1,-1,-1,-1,-1,-1,-1,-1,-1,-1,-1,-1,-1,-1,-1
246,,,,,,,,,,,,,,,,,,,,,,,,,,r14,r14,,,,,,,,,-1,-1,-1,-1,-1,-1,-1,-1,-1,-1,-1,-1,-1,-1,-1,-1,-1
247,s28,,,s15,,,,,,,,,,,,,,,,,,,,,s29,,s30,s31,s32,,,,,,,-1,33,-1,-1,-1,-1,267,35,-1,-1,-1,-1,-1,-1,-1,-1,-1
248,,,,s66,s67,s68,s69,s70,,s71,,,,,,,,,,s72,,,s73,,,,,,,,,,,,,-1,-1,-1,-1,-1,-1,-1,74,268,76,77,78,79,80,81,82,-1
249,,,s269,,,,,,,,,,,,,,,,,,,,,,,,,,,,,,,,,-1,-1,-1,-1,-1,-1,-1,-1,-1,-1,-1,-1,-1,-1,-1,-1,-1
250,r13,r13,,r13,,,,,,,,,,,,,,,,,,,,,r13,,r13,r13,r13,,,,,,,-1,-1,-1,-1,-1,-1,-1,-1,-1,-1,-1,-1,-1,-1,-1,-1,-1
251,,,r39,,,,,,,,r39,r39,r39,r39,,,,,r39,r39,r39,r39,,,,,,,,,,,,,,-1,-1,-1,-1,-1,-1,-1,-1,-1,-1,-1,-1,-1,-1,-1,-1,-1
252,,,,,,,,,,,,,,,,,,,,,,,,,,,,,,,,,,s270,,-1,-1,-1,-1,-1,-1,-1,-1,-1,-1,-1,-1,-1,-1,-1,-1,-1
253,,,r30,,,,,,,,r30,r30,r30,r30,,,,,r30,r30,s228,s229,,,,,,,,,,,,,,-1,-1,-1,-1,-1,-1,-1,-1,-1,-1,-1,-1,-1,-1,-1,-1,-1
254,,,r31,,,,,,,,r31,r31,r31,r31,,,,,r31,r31,s228,s229,,,,,,,,,,,,,,-1,-1,-1,-1,-1,-1,-1,-1,-1,-1,-1,-1,-1,-1,-1,-1,-1
255,,,r33,,,,,,,,r33,r33,r33,r33,,,,,r33,r33,r33,r33,,,,,,,,,,,,,,-1,-1,-1,-1,-1,-1,-1,-1,-1,-1,-1,-1,-1,-1,-1,-1,-1
256,,,r34,,,,,,,,r34,r34,r34,r34,,,,,r34,r34,r34,r34,,,,,,,,,,,,,,-1,-1,-1,-1,-1,-1,-1,-1,-1,-1,-1,-1,-1,-1,-1,-1,-1
257,r1,r1,,r1,,,,,,,,,,,,,,,,,,,,,r1,r1,r1,r1,r1,,,,,,,-1,-1,-1,-1,-1,-1,-1,-1,-1,-1,-1,-1,-1,-1,-1,-1,-1
258,s129,,,s15,,,,,,,,,,,,,,,,,,,,,s130,,s131,s132,s133,,,,,,,-1,134,-1,-1,-1,-1,271,136,-1,-1,-1,-1,-1,-1,-1,-1,-1
259,s129,,,s15,,,,,,,,,,,,,,,,,,,,,s130,,s131,s132,s133,,,,,,,-1,134,-1,-1,-1,-1,272,136,-1,-1,-1,-1,-1,-1,-1,-1,-1
260,,,,s41,s42,s43,s44,s45,,s46,,,,,,,,,,s47,,,s48,,,,,,,,,,,,,-1,-1,-1,-1,-1,-1,-1,49,273,51,52,53,54,55,56,57,-1
261,r9,r9,,r9,,,,,,,,,,,,,,,,,,,,,r9,r9,r9,r9,r9,,,,,,,-1,-1,-1,-1,-1,-1,-1,-1,-1,-1,-1,-1,-1,-1,-1,-1,-1
262,,,,,,,,,r16,,r16,r16,r16,r16,,,,,r16,r16,r16,r16,,,,,,,,,,,r16,,,-1,-1,-1,-1,-1,-1,-1,-1,-1,-1,-1,-1,-1,-1,-1,-1,-1
263,s13,s274,,s15,,,,,,,,,,,,,,,,,,,,,s16,,s17,s18,s19,,,,,,,-1,20,-1,-1,-1,-1,21,22,-1,-1,-1,-1,-1,-1,-1,-1,-1
264,,,,,,,,,s275,,s90,,,,,,,,,,,,,,,,,,,,,,,,,-1,-1,-1,-1,-1,-1,-1,-1,-1,-1,-1,-1,-1,-1,-1,-1,-1
265,,,,,,,,,s276,,s90,,,,,,,,,,,,,,,,,,,,,,,,,-1,-1,-1,-1,-1,-1,-1,-1,-1,-1,-1,-1,-1,-1,-1,-1,-1
266,,,,,,,,s277,,,,,,,,,,,,,,,,,,,,,,,,,,,,-1,-1,-1,-1,-1,-1,-1,-1,-1,-1,-1,-1,-1,-1,-1,-1,-1
267,,,,,,,,,,,,,,,,,,,,,,,,,,,r11,,,,,,,,,-1,-1,-1,-1,-1,-1,-1,-1,-1,-1,-1,-1,-1,-1,-1,-1,-1
268,,,s278,,,,,,,,s114,,,,,,,,,,,,,,,,,,,,,,,,,-1,-1,-1,-1,-1,-1,-1,-1,-1,-1,-1,-1,-1,-1,-1,-1,-1
269,,,,,,,,,,,,,,,,,,,,,,,,,,,r13,,,,,,,,,-1,-1,-1,-1,-1,-1,-1,-1,-1,-1,-1,-1,-1,-1,-1,-1,-1
270,,,r16,,,,,,,,r16,r16,r16,r16,,,,,r16,r16,r16,r16,,,,,,,,,,,r16,,,-1,-1,-1,-1,-1,-1,-1,-1,-1,-1,-1,-1,-1,-1,-1,-1,-1
271,r10,r10,,r10,,,,,,,,,,,,,,,,,,,,,r10,s279,r10,r10,r10,,,,,,,-1,-1,-1,-1,-1,-1,-1,-1,-1,-1,-1,-1,-1,-1,-1,-1,-1
272,r12,r12,,r12,,,,,,,,,,,,,,,,,,,,,r12,r12,r12,r12,r12,,,,,,,-1,-1,-1,-1,-1,-1,-1,-1,-1,-1,-1,-1,-1,-1,-1,-1,-1
273,,,,,,,,,s280,,s90,,,,,,,,,,,,,,,,,,,,,,,,,-1,-1,-1,-1,-1,-1,-1,-1,-1,-1,-1,-1,-1,-1,-1,-1,-1
274,,,,,,,,,,,,,,,,,,,,,,,,,,r1,r1,,,,,,,,,-1,-1,-1,-1,-1,-1,-1,-1,-1,-1,-1,-1,-1,-1,-1,-1,-1
275,s210,,,s15,,,,,,,,,,,,,,,,,,,,,s211,,s212,s213,s214,,,,,,,-1,215,-1,-1,-1,-1,281,217,-1,-1,-1,-1,-1,-1,-1,-1,-1
276,s210,,,s15,,,,,,,,,,,,,,,,,,,,,s211,,s212,s213,s214,,,,,,,-1,215,-1,-1,-1,-1,282,217,-1,-1,-1,-1,-1,-1,-1,-1,-1
277,,,,s41,s42,s43,s44,s45,,s46,,,,,,,,,,s47,,,s48,,,,,,,,,,,,,-1,-1,-1,-1,-1,-1,-1,49,283,51,52,53,54,55,56,57,-1
278,,,,,,,,,,,,,,,,,,,,,,,,,,r9,r9,,,,,,,,,-1,-1,-1,-1,-1,-1,-1,-1,-1,-1,-1,-1,-1,-1,-1,-1,-1
279,s129,,,s15,,,,,,,,,,,,,,,,,,,,,s130,,s131,s132,s133,,,,,,,-1,134,-1,-1,-1,-1,284,136,-1,-1,-1,-1,-1,-1,-1,-1,-1
280,,,s285,,,,,,,,,,,,,,,,,,,,,,,,,,,,,,,,,-1,-1,-1,-1,-1,-1,-1,-1,-1,-1,-1,-1,-1,-1,-1,-1,-1
281,,,,,,,,,,,,,,,,,,,,,,,,,,s286,r10,,,,,,,,,-1,-1,-1,-1,-1,-1,-1,-1,-1,-1,-1,-1,-1,-1,-1,-1,-1
282,,,,,,,,,,,,,,,,,,,,,,,,,,r12,r12,,,,,,,,,-1,-1,-1,-1,-1,-1,-1,-1,-1,-1,-1,-1,-1,-1,-1,-1,-1
283,,,,,,,,,s287,,s90,,,,,,,,,,,,,,,,,,,,,,,,,-1,-1,-1,-1,-1,-1,-1,-1,-1,-1,-1,-1,-1,-1,-1,-1,-1
284,r11,r11,,r11,,,,,,,,,,,,,,,,,,,,,r11,r11,r11,r11,r11,,,,,,,-1,-1,-1,-1,-1,-1,-1,-1,-1,-1,-1,-1,-1,-1,-1,-1,-1
285,r13,r13,,r13,,,,,,,,,,,,,,,,,,,,,r13,r13,r13,r13,r13,,,,,,,-1,-1,-1,-1,-1,-1,-1,-1,-1,-1,-1,-1,-1,-1,-1,-1,-1
286,s210,,,s15,,,,,,,,,,,,,,,,,,,,,s211,,s212,s213,s214,,,,,,,-1,215,-1,-1,-1,-1,288,217,-1,-1,-1,-1,-1,-1,-1,-1,-1
287,,,s289,,,,,,,,,,,,,,,,,,,,,,,,,,,,,,,,,-1,-1,-1,-1,-1,-1,-1,-1,-1,-1,-1,-1,-1,-1,-1,-1,-1
288,,,,,,,,,,,,,,,,,,,,,,,,,,r11,r11,,,,,,,,,-1,-1,-1,-1,-1,-1,-1,-1,-1,-1,-1,-1,-1,-1,-1,-1,-1
289,,,,,,,,,,,,,,,,,,,,,,,,,,r13,r13,,,,,,,,,-1,-1,-1,-1,-1,-1,-1,-1,-1,-1,-1,-1,-1,-1,-1,-1,-1
