State,{,},;,id,num,real,true,false,(,),||,&&,Unnamed: 13,!=,<,<=,>,>=,+,-,*,/,!,=,if,else,while,do,break,loc,int,float,bool,[,],$,pro..,block,decls,decl,type,stmts,stmt,loc,bool,join,equ..,rel,expr,term,unary,fac..,basic
0,s1,,,,,,,,,,,,,,,,,,,,,,,,,,,,,,,,,,,,,2.0,,,,,,,,,,,,,,,
1,r3,r3,,r3,r3,r3,r3,r3,r3,,,,,,,,,,,r3,,,r3,,r3,,r3,r3,r3,,r3,r3,,,,,,,3.0,,,,,,,,,,,,,,
2,,,,,,,,,,,,,,,,,,,,,,,,,,,,,,,,,,,,acc,,,,,,,,,,,,,,,,,
3,r8,r8,,s4,s5,s6,s7,s8,s9,,,,,,,,,,,s10,,,s11,,r8,,r8,r8,r8,s12,s13,s14,s15,,,,,,,16.0,17.0,18.0,,,,19.0,20.0,21.0,22.0,23.0,24.0,25.0,26.0
4,,,,r17,,,,,,,r17,r17,r17,r17,r17,r17,r17,r17,r17,r17,r17,r17,,,,,,,,,,,,r17,,,,,,,,,,,,,,,,,,,
5,,,,r41,,,,,,,r41,r41,r41,r41,r41,r41,r41,r41,r41,r41,r41,r41,,,,,,,,,,,,r41,,,,,,,,,,,,,,,,,,,
6,,,,r42,,,,,,,r42,r42,r42,r42,r42,r42,r42,r42,r42,r42,r42,r42,,,,,,,,,,,,r42,,,,,,,,,,,,,,,,,,,
7,,,,r43,,,,,,,r43,r43,r43,r43,r43,r43,r43,r43,r43,r43,r43,r43,,,,,,,,,,,,r43,,,,,,,,,,,,,,,,,,,
8,,,,r44,,,,,,,r44,r44,r44,r44,r44,r44,r44,r44,r44,r44,r44,r44,,,,,,,,,,,,r44,,,,,,,,,,,,,,,,,,,
9,,,,s27,s28,s29,s30,s31,s32,,,,,,,,,,,s33,,,s34,,,,,,,s35,,,s36,,,,,,,,,,,,,37.0,38.0,39.0,40.0,41.0,42.0,43.0,
10,,,,s4,s5,s6,s7,s8,s9,,,,,,,,,,,s10,,,s11,,,,,,,s12,,,,,,,,,,,,,,,,,,,,,44.0,25.0,
11,,,,s4,s5,s6,s7,s8,s9,,,,,,,,,,,s10,,,s11,,,,,,,s12,,,,,,,,,,,,,,,,,,,,,45.0,25.0,
12,,,,r40,,,,,,,r40,r40,r40,r40,r40,r40,r40,r40,r40,r40,r40,r40,,,,,,,,,,,,s46,,,,,,,,,,,,,,,,,,,
13,,,,r45,,,,,,,,,,,,,,,,,,,,,,,,,,,,,,r45,,,,,,,,,,,,,,,,,,,
14,,,,r46,,,,,,,,,,,,,,,,,,,,,,,,,,,,,,r46,,,,,,,,,,,,,,,,,,,
15,,,,r47,,,,,,,s47,,,,,,,,,,,,,,,,,,,,,,,r47,,,,,,,,,,,,,,,,,,,
16,r2,r2,,r2,r2,r2,r2,r2,r2,,,,,,,,,,,r2,,,r2,,r2,,r2,r2,r2,,r2,r2,,,,,,,,,,,,,,,,,,,,,
17,,,,s48,,,,,,,,,,,,,,,,,,,,,,,,,,,,,,s49,,,,,,,,,,,,,,,,,,,
18,s50,s51,,s52,,,,,,,,,,,,,,,,,,,,,s53,,s54,s55,s56,s57,,,,,,,,58.0,,,,,59.0,,,,,,,,,,
19,,,,r19,,,,,,,r19,s60,,,,,,,,,,,,,,,,,,,,,,r19,,,,,,,,,,,,,,,,,,,
20,,,,r21,,,,,,,r21,r21,s61,s62,,,,,,,,,,,,,,,,,,,,r21,,,,,,,,,,,,,,,,,,,
21,,,,r24,,,,,,,r24,r24,r24,r24,,,,,,,,,,,,,,,,,,,,r24,,,,,,,,,,,,,,,,,,,
22,,,,r29,,,,,,,r29,r29,r29,r29,s63,s64,s65,s66,s67,s68,,,,,,,,,,,,,,r29,,,,,,,,,,,,,,,,,,,
23,,,,r32,,,,,,,r32,r32,r32,r32,r32,r32,r32,r32,r32,r32,s69,s70,,,,,,,,,,,,r32,,,,,,,,,,,,,,,,,,,
24,,,,r35,,,,,,,r35,r35,r35,r35,r35,r35,r35,r35,r35,r35,r35,r35,,,,,,,,,,,,r35,,,,,,,,,,,,,,,,,,,
25,,,,r38,,,,,,,r38,r38,r38,r38,r38,r38,r38,r38,r38,r38,r38,r38,,,,,,,,,,,,r38,,,,,,,,,,,,,,,,,,,
26,,,,r6,,,,,,,,,,,,,,,,,,,,,,,,,,,,,,r6,,,,,,,,,,,,,,,,,,,
27,,,,,,,,,,r17,r17,r17,r17,r17,r17,r17,r17,r17,r17,r17,r17,r17,,,,,,,,,,,,r17,,,,,,,,,,,,,,,,,,,
28,,,,,,,,,,r41,r41,r41,r41,r41,r41,r41,r41,r41,r41,r41,r41,r41,,,,,,,,,,,,,,,,,,,,,,,,,,,,,,,
29,,,,,,,,,,r42,r42,r42,r42,r42,r42,r42,r42,r42,r42,r42,r42,r42,,,,,,,,,,,,,,,,,,,,,,,,,,,,,,,
30,,,,,,,,,,r43,r43,r43,r43,r43,r43,r43,r43,r43,r43,r43,r43,r43,,,,,,,,,,,,,,,,,,,,,,,,,,,,,,,
31,,,,,,,,,,r44,r44,r44,r44,r44,r44,r44,r44,r44,r44,r44,r44,r44,,,,,,,,,,,,,,,,,,,,,,,,,,,,,,,
32,,,,s27,s28,s29,s30,s31,s32,,,,,,,,,,,s33,,,s34,,,,,,,s35,,,s71,,,,,,,,,,,,,37.0,38.0,39.0,40.0,41.0,42.0,43.0,
33,,,,s27,s28,s29,s30,s31,s32,,,,,,,,,,,s33,,,s34,,,,,,,s35,,,,,,,,,,,,,,,,,,,,,72.0,43.0,
34,,,,s27,s28,s29,s30,s31,s32,,,,,,,,,,,s33,,,s34,,,,,,,s35,,,,,,,,,,,,,,,,,,,,,73.0,43.0,
35,,,,,,,,,,r40,r40,r40,r40,r40,r40,r40,r40,r40,r40,r40,r40,r40,,,,,,,,,,,,s74,,,,,,,,,,,,,,,,,,,
36,,,,,,,,,,s75,s76,,,,,,,,,,,,,,,,,,,,,,,,,,,,,,,,,,,,,,,,,,
37,,,,,,,,,,r19,r19,s77,,,,,,,,,,,,,,,,,,,,,,,,,,,,,,,,,,,,,,,,,
38,,,,,,,,,,r21,r21,r21,s78,s79,,,,,,,,,,,,,,,,,,,,,,,,,,,,,,,,,,,,,,,
39,,,,,,,,,,r24,r24,r24,r24,r24,,,,,,,,,,,,,,,,,,,,,,,,,,,,,,,,,,,,,,,
40,,,,,,,,,,r29,r29,r29,r29,r29,s80,s81,s82,s83,s84,s85,,,,,,,,,,,,,,,,,,,,,,,,,,,,,,,,,
41,,,,,,,,,,r32,r32,r32,r32,r32,r32,r32,r32,r32,r32,r32,s86,s87,,,,,,,,,,,,,,,,,,,,,,,,,,,,,,,
42,,,,,,,,,,r35,r35,r35,r35,r35,r35,r35,r35,r35,r35,r35,r35,r35,,,,,,,,,,,,,,,,,,,,,,,,,,,,,,,
43,,,,,,,,,,r38,r38,r38,r38,r38,r38,r38,r38,r38,r38,r38,r38,r38,,,,,,,,,,,,,,,,,,,,,,,,,,,,,,,
44,,,,r37,,,,,,,r37,r37,r37,r37,r37,r37,r37,r37,r37,r37,r37,r37,,,,,,,,,,,,r37,,,,,,,,,,,,,,,,,,,
45,,,,r36,,,,,,,r36,r36,r36,r36,r36,r36,r36,r36,r36,r36,r36,r36,,,,,,,,,,,,r36,,,,,,,,,,,,,,,,,,,
46,,,,,s88,,,,,,,,,,,,,,,,,,,,,,,,,,,,,,,,,,,,,,,,,,,,,,,,
47,,,,s4,s5,s6,s7,s8,s9,,,,,,,,,,,s10,,,s11,,,,,,,s12,,,,,,,,,,,,,,,,89.0,20.0,21.0,22.0,23.0,24.0,25.0,
48,,,s90,,,,,,,,,,,,,,,,,,,,,,,,,,,,,,,,,,,,,,,,,,,,,,,,,,
49,,,,,s91,,,,,,,,,,,,,,,,,,,,,,,,,,,,,,,,,,,,,,,,,,,,,,,,
50,r3,r3,,r3,r3,r3,r3,r3,r3,,,,,,,,,,,r3,,,r3,,r3,,r3,r3,r3,,r3,r3,,,,,,,92.0,,,,,,,,,,,,,,
51,,,,,,,,,,,,,,,,,,,,,,,,,,,,,,,,,,,,r1,,,,,,,,,,,,,,,,,
52,,,,,,,,,,,,,,,,,,,,,,,,r17,,,,,,,,,,r17,,,,,,,,,,,,,,,,,,,
53,,,,,,,,,s93,,,,,,,,,,,,,,,,,,,,,,,,,,,,,,,,,,,,,,,,,,,,
54,,,,,,,,,s94,,,,,,,,,,,,,,,,,,,,,,,,,,,,,,,,,,,,,,,,,,,,
55,s95,,,s52,,,,,,,,,,,,,,,,,,,,,s96,,s97,s98,s99,s100,,,,,,,,101.0,,,,,102.0,,,,,,,,,,
56,,,s103,,,,,,,,,,,,,,,,,,,,,,,,,,,,,,,,,,,,,,,,,,,,,,,,,,
57,,,,,,,,,,,,,,,,,,,,,,,,s104,,,,,,,,,,s105,,,,,,,,,,,,,,,,,,,
58,r15,r15,,r15,,,,,,,,,,,,,,,,,,,,,r15,,r15,r15,r15,,,,,,,,,,,,,,,,,,,,,,,,
59,r7,r7,,r7,,,,,,,,,,,,,,,,,,,,,r7,,r7,r7,r7,,,,,,,,,,,,,,,,,,,,,,,,
60,,,,s4,s5,s6,s7,s8,s9,,,,,,,,,,,s10,,,s11,,,,,,,s12,,,,,,,,,,,,,,,,,106.0,21.0,22.0,23.0,24.0,25.0,
61,,,,s4,s5,s6,s7,s8,s9,,,,,,,,,,,s10,,,s11,,,,,,,s12,,,,,,,,,,,,,,,,,,107.0,22.0,23.0,24.0,25.0,
62,,,,s4,s5,s6,s7,s8,s9,,,,,,,,,,,s10,,,s11,,,,,,,s12,,,,,,,,,,,,,,,,,,108.0,22.0,23.0,24.0,25.0,
63,,,,s109,s110,s111,s112,s113,s114,,,,,,,,,,,s115,,,s116,,,,,,,s117,,,,,,,,,,,,,,,,,,,118.0,119.0,120.0,121.0,
64,,,,s109,s110,s111,s112,s113,s114,,,,,,,,,,,s115,,,s116,,,,,,,s117,,,,,,,,,,,,,,,,,,,122.0,119.0,120.0,121.0,
65,,,,s109,s110,s111,s112,s113,s114,,,,,,,,,,,s115,,,s116,,,,,,,s117,,,,,,,,,,,,,,,,,,,123.0,119.0,120.0,121.0,
66,,,,s109,s110,s111,s112,s113,s114,,,,,,,,,,,s115,,,s116,,,,,,,s117,,,,,,,,,,,,,,,,,,,124.0,119.0,120.0,121.0,
67,,,,s4,s5,s6,s7,s8,s9,,,,,,,,,,,s10,,,s11,,,,,,,s12,,,,,,,,,,,,,,,,,,,,125.0,24.0,25.0,
68,,,,s4,s5,s6,s7,s8,s9,,,,,,,,,,,s10,,,s11,,,,,,,s12,,,,,,,,,,,,,,,,,,,,126.0,24.0,25.0,
69,,,,s4,s5,s6,s7,s8,s9,,,,,,,,,,,s10,,,s11,,,,,,,s12,,,,,,,,,,,,,,,,,,,,,127.0,25.0,
70,,,,s4,s5,s6,s7,s8,s9,,,,,,,,,,,s10,,,s11,,,,,,,s12,,,,,,,,,,,,,,,,,,,,,128.0,25.0,
71,,,,,,,,,,s129,s76,,,,,,,,,,,,,,,,,,,,,,,,,,,,,,,,,,,,,,,,,,
72,,,,,,,,,,r37,r37,r37,r37,r37,r37,r37,r37,r37,r37,r37,r37,r37,,,,,,,,,,,,,,,,,,,,,,,,,,,,,,,
73,,,,,,,,,,r36,r36,r36,r36,r36,r36,r36,r36,r36,r36,r36,r36,r36,,,,,,,,,,,,,,,,,,,,,,,,,,,,,,,
74,,,,,s130,,,,,,,,,,,,,,,,,,,,,,,,,,,,,,,,,,,,,,,,,,,,,,,,
75,,,,r39,,,,,,,r39,r39,r39,r39,r39,r39,r39,r39,r39,r39,r39,r39,,,,,,,,,,,,r39,,,,,,,,,,,,,,,,,,,
76,,,,s27,s28,s29,s30,s31,s32,,,,,,,,,,,s33,,,s34,,,,,,,s35,,,,,,,,,,,,,,,,131.0,38.0,39.0,40.0,41.0,42.0,43.0,
77,,,,s27,s28,s29,s30,s31,s32,,,,,,,,,,,s33,,,s34,,,,,,,s35,,,,,,,,,,,,,,,,,132.0,39.0,40.0,41.0,42.0,43.0,
78,,,,s27,s28,s29,s30,s31,s32,,,,,,,,,,,s33,,,s34,,,,,,,s35,,,,,,,,,,,,,,,,,,133.0,40.0,41.0,42.0,43.0,
79,,,,s27,s28,s29,s30,s31,s32,,,,,,,,,,,s33,,,s34,,,,,,,s35,,,,,,,,,,,,,,,,,,134.0,40.0,41.0,42.0,43.0,
80,,,,s135,s136,s137,s138,s139,s140,,,,,,,,,,,s141,,,s142,,,,,,,s143,,,,,,,,,,,,,,,,,,,144.0,145.0,146.0,147.0,
81,,,,s135,s136,s137,s138,s139,s140,,,,,,,,,,,s141,,,s142,,,,,,,s143,,,,,,,,,,,,,,,,,,,148.0,145.0,146.0,147.0,
82,,,,s135,s136,s137,s138,s139,s140,,,,,,,,,,,s141,,,s142,,,,,,,s143,,,,,,,,,,,,,,,,,,,149.0,145.0,146.0,147.0,
83,,,,s135,s136,s137,s138,s139,s140,,,,,,,,,,,s141,,,s142,,,,,,,s143,,,,,,,,,,,,,,,,,,,150.0,145.0,146.0,147.0,
84,,,,s27,s28,s29,s30,s31,s32,,,,,,,,,,,s33,,,s34,,,,,,,s35,,,,,,,,,,,,,,,,,,,,151.0,42.0,43.0,
85,,,,s27,s28,s29,s30,s31,s32,,,,,,,,,,,s33,,,s34,,,,,,,s35,,,,,,,,,,,,,,,,,,,,152.0,42.0,43.0,
86,,,,s27,s28,s29,s30,s31,s32,,,,,,,,,,,s33,,,s34,,,,,,,s35,,,,,,,,,,,,,,,,,,,,,153.0,43.0,
87,,,,s27,s28,s29,s30,s31,s32,,,,,,,,,,,s33,,,s34,,,,,,,s35,,,,,,,,,,,,,,,,,,,,,154.0,43.0,
88,,,,,,,,,,,,,,,,,,,,,,,,,,,,,,,,,,,s155,,,,,,,,,,,,,,,,,,
89,,,,r18,,,,,,,r18,s60,,,,,,,,,,,,,,,,,,,,,,r18,,,,,,,,,,,,,,,,,,,
90,r4,r4,,r4,r4,r4,r4,r4,r4,,,,,,,,,,,r4,,,r4,,r4,,r4,r4,r4,,r4,r4,,,,,,,,,,,,,,,,,,,,,
91,,,,,,,,,,,,,,,,,,,,,,,,,,,,,,,,,,,s156,,,,,,,,,,,,,,,,,,
92,r8,r8,,s4,s5,s6,s7,s8,s9,,,,,,,,,,,s10,,,s11,,r8,,r8,r8,r8,s12,s13,s14,s15,,,,,,,16.0,17.0,157.0,,,,19.0,20.0,21.0,22.0,23.0,24.0,25.0,26.0
93,,,,s27,s28,s29,s30,s31,s32,,,,,,,,,,,s33,,,s34,,,,,,,s35,,,s158,,,,,,,,,,,,,37.0,38.0,39.0,40.0,41.0,42.0,43.0,
94,,,,s27,s28,s29,s30,s31,s32,,,,,,,,,,,s33,,,s34,,,,,,,s35,,,s159,,,,,,,,,,,,,37.0,38.0,39.0,40.0,41.0,42.0,43.0,
95,r3,r3,,r3,r3,r3,r3,r3,r3,,,,,,,,,,,r3,,,r3,,r3,,r3,r3,r3,,r3,r3,,,,,,,160.0,,,,,,,,,,,,,,
96,,,,,,,,,s161,,,,,,,,,,,,,,,,,,,,,,,,,,,,,,,,,,,,,,,,,,,,
97,,,,,,,,,s162,,,,,,,,,,,,,,,,,,,,,,,,,,,,,,,,,,,,,,,,,,,,
98,s95,,,s52,,,,,,,,,,,,,,,,,,,,,s96,,s97,s98,s99,s100,,,,,,,,101.0,,,,,163.0,,,,,,,,,,
99,,,s164,,,,,,,,,,,,,,,,,,,,,,,,,,,,,,,,,,,,,,,,,,,,,,,,,,
100,,,,,,,,,,,,,,,,,,,,,,,,s165,,,,,,,,,,s105,,,,,,,,,,,,,,,,,,,
101,,,,,,,,,,,,,,,,,,,,,,,,,,,r15,,,,,,,,,,,,,,,,,,,,,,,,,,
102,,,,,,,,,,,,,,,,,,,,,,,,,,,s166,,,,,,,,,,,,,,,,,,,,,,,,,,
103,r14,r14,,r14,,,,,,,,,,,,,,,,,,,,,r14,,r14,r14,r14,,,,,,,,,,,,,,,,,,,,,,,,
104,,,,s167,s168,s169,s170,s171,s172,,,,,,,,,,,s173,,,s174,,,,,,,s175,,,s176,,,,,,,,,,,,,177.0,178.0,179.0,180.0,181.0,182.0,183.0,
105,,,,,s184,,,,,,,,,,,,,,,,,,,,,,,,,,,,,,,,,,,,,,,,,,,,,,,,
106,,,,r20,,,,,,,r20,r20,s61,s62,,,,,,,,,,,,,,,,,,,,r20,,,,,,,,,,,,,,,,,,,
107,,,,r22,,,,,,,r22,r22,r22,r22,,,,,,,,,,,,,,,,,,,,r22,,,,,,,,,,,,,,,,,,,
108,,,,r23,,,,,,,r23,r23,r23,r23,,,,,,,,,,,,,,,,,,,,r23,,,,,,,,,,,,,,,,,,,
109,,,,r17,,,,,,,r17,r17,r17,r17,,,,,r17,r17,r17,r17,,,,,,,,,,,,r17,,,,,,,,,,,,,,,,,,,
110,,,,r41,,,,,,,r41,r41,r41,r41,,,,,r41,r41,r41,r41,,,,,,,,,,,,r41,,,,,,,,,,,,,,,,,,,
111,,,,r42,,,,,,,r42,r42,r42,r42,,,,,r42,r42,r42,r42,,,,,,,,,,,,r42,,,,,,,,,,,,,,,,,,,
112,,,,r43,,,,,,,r43,r43,r43,r43,,,,,r43,r43,r43,r43,,,,,,,,,,,,r43,,,,,,,,,,,,,,,,,,,
113,,,,r44,,,,,,,r44,r44,r44,r44,,,,,r44,r44,r44,r44,,,,,,,,,,,,r44,,,,,,,,,,,,,,,,,,,
114,,,,s27,s28,s29,s30,s31,s32,,,,,,,,,,,s33,,,s34,,,,,,,s35,,,s185,,,,,,,,,,,,,37.0,38.0,39.0,40.0,41.0,42.0,43.0,
115,,,,s109,s110,s111,s112,s113,s114,,,,,,,,,,,s115,,,s116,,,,,,,s117,,,,,,,,,,,,,,,,,,,,,186.0,121.0,
116,,,,s109,s110,s111,s112,s113,s114,,,,,,,,,,,s115,,,s116,,,,,,,s117,,,,,,,,,,,,,,,,,,,,,187.0,121.0,
117,,,,r40,,,,,,,r40,r40,r40,r40,,,,,r40,r40,r40,r40,,,,,,,,,,,,s188,,,,,,,,,,,,,,,,,,,
118,,,,r25,,,,,,,r25,r25,r25,r25,,,,,s189,s190,,,,,,,,,,,,,,r25,,,,,,,,,,,,,,,,,,,
119,,,,r32,,,,,,,r32,r32,r32,r32,,,,,r32,r32,s191,s192,,,,,,,,,,,,r32,,,,,,,,,,,,,,,,,,,
120,,,,r35,,,,,,,r35,r35,r35,r35,,,,,r35,r35,r35,r35,,,,,,,,,,,,r35,,,,,,,,,,,,,,,,,,,
121,,,,r38,,,,,,,r38,r38,r38,r38,,,,,r38,r38,r38,r38,,,,,,,,,,,,r38,,,,,,,,,,,,,,,,,,,
122,,,,r26,,,,,,,r26,r26,r26,r26,,,,,s189,s190,,,,,,,,,,,,,,r26,,,,,,,,,,,,,,,,,,,
123,,,,r28,,,,,,,r28,r28,r28,r28,,,,,s189,s190,,,,,,,,,,,,,,r28,,,,,,,,,,,,,,,,,,,
124,,,,r27,,,,,,,r27,r27,r27,r27,,,,,s189,s190,,,,,,,,,,,,,,r27,,,,,,,,,,,,,,,,,,,
125,,,,r30,,,,,,,r30,r30,r30,r30,r30,r30,r30,r30,r30,r30,s69,s70,,,,,,,,,,,,r30,,,,,,,,,,,,,,,,,,,
126,,,,r31,,,,,,,r31,r31,r31,r31,r31,r31,r31,r31,r31,r31,s69,s70,,,,,,,,,,,,r31,,,,,,,,,,,,,,,,,,,
127,,,,r33,,,,,,,r33,r33,r33,r33,r33,r33,r33,r33,r33,r33,r33,r33,,,,,,,,,,,,r33,,,,,,,,,,,,,,,,,,,
128,,,,r34,,,,,,,r34,r34,r34,r34,r34,r34,r34,r34,r34,r34,r34,r34,,,,,,,,,,,,r34,,,,,,,,,,,,,,,,,,,
129,,,,,,,,,,r39,r39,r39,r39,r39,r39,r39,r39,r39,r39,r39,r39,r39,,,,,,,,,,,,,,,,,,,,,,,,,,,,,,,
130,,,,,,,,,,,,,,,,,,,,,,,,,,,,,,,,,,,s193,,,,,,,,,,,,,,,,,,
131,,,,,,,,,,r18,r18,s77,,,,,,,,,,,,,,,,,,,,,,,,,,,,,,,,,,,,,,,,,
132,,,,,,,,,,r20,r20,r20,s78,s79,,,,,,,,,,,,,,,,,,,,,,,,,,,,,,,,,,,,,,,
133,,,,,,,,,,r22,r22,r22,r22,r22,,,,,,,,,,,,,,,,,,,,,,,,,,,,,,,,,,,,,,,
134,,,,,,,,,,r23,r23,r23,r23,r23,,,,,,,,,,,,,,,,,,,,,,,,,,,,,,,,,,,,,,,
135,,,,,,,,,,r17,r17,r17,r17,r17,,,,,r17,r17,r17,r17,,,,,,,,,,,,r17,,,,,,,,,,,,,,,,,,,
136,,,,,,,,,,r41,r41,r41,r41,r41,,,,,r41,r41,r41,r41,,,,,,,,,,,,,,,,,,,,,,,,,,,,,,,
137,,,,,,,,,,r42,r42,r42,r42,r42,,,,,r42,r42,r42,r42,,,,,,,,,,,,,,,,,,,,,,,,,,,,,,,
138,,,,,,,,,,r43,r43,r43,r43,r43,,,,,r43,r43,r43,r43,,,,,,,,,,,,,,,,,,,,,,,,,,,,,,,
139,,,,,,,,,,r44,r44,r44,r44,r44,,,,,r44,r44,r44,r44,,,,,,,,,,,,,,,,,,,,,,,,,,,,,,,
140,,,,s27,s28,s29,s30,s31,s32,,,,,,,,,,,s33,,,s34,,,,,,,s35,,,s194,,,,,,,,,,,,,37.0,38.0,39.0,40.0,41.0,42.0,43.0,
141,,,,s135,s136,s137,s138,s139,s140,,,,,,,,,,,s141,,,s142,,,,,,,s143,,,,,,,,,,,,,,,,,,,,,195.0,147.0,
142,,,,s135,s136,s137,s138,s139,s140,,,,,,,,,,,s141,,,s142,,,,,,,s143,,,,,,,,,,,,,,,,,,,,,196.0,147.0,
143,,,,,,,,,,r40,r40,r40,r40,r40,,,,,r40,r40,r40,r40,,,,,,,,,,,,s197,,,,,,,,,,,,,,,,,,,
144,,,,,,,,,,r25,r25,r25,r25,r25,,,,,s198,s199,,,,,,,,,,,,,,,,,,,,,,,,,,,,,,,,,
145,,,,,,,,,,r32,r32,r32,r32,r32,,,,,r32,r32,s200,s201,,,,,,,,,,,,,,,,,,,,,,,,,,,,,,,
146,,,,,,,,,,r35,r35,r35,r35,r35,,,,,r35,r35,r35,r35,,,,,,,,,,,,,,,,,,,,,,,,,,,,,,,
147,,,,,,,,,,r38,r38,r38,r38,r38,,,,,r38,r38,r38,r38,,,,,,,,,,,,,,,,,,,,,,,,,,,,,,,
148,,,,,,,,,,r26,r26,r26,r26,r26,,,,,s198,s199,,,,,,,,,,,,,,,,,,,,,,,,,,,,,,,,,
149,,,,,,,,,,r28,r28,r28,r28,r28,,,,,s198,s199,,,,,,,,,,,,,,,,,,,,,,,,,,,,,,,,,
150,,,,,,,,,,r27,r27,r27,r27,r27,,,,,s198,s199,,,,,,,,,,,,,,,,,,,,,,,,,,,,,,,,,
151,,,,,,,,,,r30,r30,r30,r30,r30,r30,r30,r30,r30,r30,r30,s86,s87,,,,,,,,,,,,,,,,,,,,,,,,,,,,,,,
152,,,,,,,,,,r31,r31,r31,r31,r31,r31,r31,r31,r31,r31,r31,s86,s87,,,,,,,,,,,,,,,,,,,,,,,,,,,,,,,
153,,,,,,,,,,r33,r33,r33,r33,r33,r33,r33,r33,r33,r33,r33,r33,r33,,,,,,,,,,,,,,,,,,,,,,,,,,,,,,,
154,,,,,,,,,,r34,r34,r34,r34,r34,r34,r34,r34,r34,r34,r34,r34,r34,,,,,,,,,,,,,,,,,,,,,,,,,,,,,,,
155,,,,r16,,,,,,,r16,r16,r16,r16,r16,r16,r16,r16,r16,r16,r16,r16,,,,,,,,,,,,r16,,,,,,,,,,,,,,,,,,,
156,,,,r5,,,,,,,,,,,,,,,,,,,,,,,,,,,,,,r5,,,,,,,,,,,,,,,,,,,
157,s50,s202,,s52,,,,,,,,,,,,,,,,,,,,,s53,,s54,s55,s56,s57,,,,,,,,58.0,,,,,59.0,,,,,,,,,,
158,,,,,,,,,,s203,s76,,,,,,,,,,,,,,,,,,,,,,,,,,,,,,,,,,,,,,,,,,
159,,,,,,,,,,s204,s76,,,,,,,,,,,,,,,,,,,,,,,,,,,,,,,,,,,,,,,,,,
160,r8,r8,,s4,s5,s6,s7,s8,s9,,,,,,,,,,,s10,,,s11,,r8,,r8,r8,r8,s12,s13,s14,s15,,,,,,,16.0,17.0,205.0,,,,19.0,20.0,21.0,22.0,23.0,24.0,25.0,26.0
161,,,,s27,s28,s29,s30,s31,s32,,,,,,,,,,,s33,,,s34,,,,,,,s35,,,s206,,,,,,,,,,,,,37.0,38.0,39.0,40.0,41.0,42.0,43.0,
162,,,,s27,s28,s29,s30,s31,s32,,,,,,,,,,,s33,,,s34,,,,,,,s35,,,s207,,,,,,,,,,,,,37.0,38.0,39.0,40.0,41.0,42.0,43.0,
163,,,,,,,,,,,,,,,,,,,,,,,,,,,s208,,,,,,,,,,,,,,,,,,,,,,,,,,
164,,,,,,,,,,,,,,,,,,,,,,,,,,,r14,,,,,,,,,,,,,,,,,,,,,,,,,,
165,,,,s167,s168,s169,s170,s171,s172,,,,,,,,,,,s173,,,s174,,,,,,,s175,,,s209,,,,,,,,,,,,,177.0,178.0,179.0,180.0,181.0,182.0,183.0,
166,,,,,,,,,s210,,,,,,,,,,,,,,,,,,,,,,,,,,,,,,,,,,,,,,,,,,,,
167,,,r17,,,,,,,,r17,r17,r17,r17,r17,r17,r17,r17,r17,r17,r17,r17,,,,,,,,,,,,r17,,,,,,,,,,,,,,,,,,,
168,,,r41,,,,,,,,r41,r41,r41,r41,r41,r41,r41,r41,r41,r41,r41,r41,,,,,,,,,,,,,,,,,,,,,,,,,,,,,,,
169,,,r42,,,,,,,,r42,r42,r42,r42,r42,r42,r42,r42,r42,r42,r42,r42,,,,,,,,,,,,,,,,,,,,,,,,,,,,,,,
170,,,r43,,,,,,,,r43,r43,r43,r43,r43,r43,r43,r43,r43,r43,r43,r43,,,,,,,,,,,,,,,,,,,,,,,,,,,,,,,
171,,,r44,,,,,,,,r44,r44,r44,r44,r44,r44,r44,r44,r44,r44,r44,r44,,,,,,,,,,,,,,,,,,,,,,,,,,,,,,,
172,,,,s27,s28,s29,s30,s31,s32,,,,,,,,,,,s33,,,s34,,,,,,,s35,,,s211,,,,,,,,,,,,,37.0,38.0,39.0,40.0,41.0,42.0,43.0,
173,,,,s167,s168,s169,s170,s171,s172,,,,,,,,,,,s173,,,s174,,,,,,,s175,,,,,,,,,,,,,,,,,,,,,212.0,183.0,
174,,,,s167,s168,s169,s170,s171,s172,,,,,,,,,,,s173,,,s174,,,,,,,s175,,,,,,,,,,,,,,,,,,,,,213.0,183.0,
175,,,r40,,,,,,,,r40,r40,r40,r40,r40,r40,r40,r40,r40,r40,r40,r40,,,,,,,,,,,,s214,,,,,,,,,,,,,,,,,,,
176,,,s215,,,,,,,,s216,,,,,,,,,,,,,,,,,,,,,,,,,,,,,,,,,,,,,,,,,,
177,,,r19,,,,,,,,r19,s217,,,,,,,,,,,,,,,,,,,,,,,,,,,,,,,,,,,,,,,,,
178,,,r21,,,,,,,,r21,r21,s218,s219,,,,,,,,,,,,,,,,,,,,,,,,,,,,,,,,,,,,,,,
179,,,r24,,,,,,,,r24,r24,r24,r24,,,,,,,,,,,,,,,,,,,,,,,,,,,,,,,,,,,,,,,
180,,,r29,,,,,,,,r29,r29,r29,r29,s220,s221,s222,s223,s224,s225,,,,,,,,,,,,,,,,,,,,,,,,,,,,,,,,,
181,,,r32,,,,,,,,r32,r32,r32,r32,r32,r32,r32,r32,r32,r32,s226,s227,,,,,,,,,,,,,,,,,,,,,,,,,,,,,,,
182,,,r35,,,,,,,,r35,r35,r35,r35,r35,r35,r35,r35,r35,r35,r35,r35,,,,,,,,,,,,,,,,,,,,,,,,,,,,,,,
183,,,r38,,,,,,,,r38,r38,r38,r38,r38,r38,r38,r38,r38,r38,r38,r38,,,,,,,,,,,,,,,,,,,,,,,,,,,,,,,
184,,,,,,,,,,,,,,,,,,,,,,,,,,,,,,,,,,,s228,,,,,,,,,,,,,,,,,,
185,,,,,,,,,,s229,s76,,,,,,,,,,,,,,,,,,,,,,,,,,,,,,,,,,,,,,,,,,
186,,,,r37,,,,,,,r37,r37,r37,r37,,,,,r37,r37,r37,r37,,,,,,,,,,,,r37,,,,,,,,,,,,,,,,,,,
187,,,,r36,,,,,,,r36,r36,r36,r36,,,,,r36,r36,r36,r36,,,,,,,,,,,,r36,,,,,,,,,,,,,,,,,,,
188,,,,,s230,,,,,,,,,,,,,,,,,,,,,,,,,,,,,,,,,,,,,,,,,,,,,,,,
189,,,,s109,s110,s111,s112,s113,s114,,,,,,,,,,,s115,,,s116,,,,,,,s117,,,,,,,,,,,,,,,,,,,,231.0,120.0,121.0,
190,,,,s109,s110,s111,s112,s113,s114,,,,,,,,,,,s115,,,s116,,,,,,,s117,,,,,,,,,,,,,,,,,,,,232.0,120.0,121.0,
191,,,,s109,s110,s111,s112,s113,s114,,,,,,,,,,,s115,,,s116,,,,,,,s117,,,,,,,,,,,,,,,,,,,,,233.0,121.0,
192,,,,s109,s110,s111,s112,s113,s114,,,,,,,,,,,s115,,,s116,,,,,,,s117,,,,,,,,,,,,,,,,,,,,,234.0,121.0,
193,,,,,,,,,,r16,r16,r16,r16,r16,r16,r16,r16,r16,r16,r16,r16,r16,,,,,,,,,,,,r16,,,,,,,,,,,,,,,,,,,
194,,,,,,,,,,s235,s76,,,,,,,,,,,,,,,,,,,,,,,,,,,,,,,,,,,,,,,,,,
195,,,,,,,,,,r37,r37,r37,r37,r37,,,,,r37,r37,r37,r37,,,,,,,,,,,,,,,,,,,,,,,,,,,,,,,
196,,,,,,,,,,r36,r36,r36,r36,r36,,,,,r36,r36,r36,r36,,,,,,,,,,,,,,,,,,,,,,,,,,,,,,,
197,,,,,s236,,,,,,,,,,,,,,,,,,,,,,,,,,,,,,,,,,,,,,,,,,,,,,,,
198,,,,s135,s136,s137,s138,s139,s140,,,,,,,,,,,s141,,,s142,,,,,,,s143,,,,,,,,,,,,,,,,,,,,237.0,146.0,147.0,
199,,,,s135,s136,s137,s138,s139,s140,,,,,,,,,,,s141,,,s142,,,,,,,s143,,,,,,,,,,,,,,,,,,,,238.0,146.0,147.0,
200,,,,s135,s136,s137,s138,s139,s140,,,,,,,,,,,s141,,,s142,,,,,,,s143,,,,,,,,,,,,,,,,,,,,,239.0,147.0,
201,,,,s135,s136,s137,s138,s139,s140,,,,,,,,,,,s141,,,s142,,,,,,,s143,,,,,,,,,,,,,,,,,,,,,240.0,147.0,
202,r1,r1,,r1,,,,,,,,,,,,,,,,,,,,,r1,,r1,r1,r1,,,,,,,,,,,,,,,,,,,,,,,,
203,s241,,,s52,,,,,,,,,,,,,,,,,,,,,s242,,s243,s244,s245,s246,,,,,,,,247.0,,,,,248.0,,,,,,,,,,
204,s50,,,s52,,,,,,,,,,,,,,,,,,,,,s53,,s54,s55,s56,s57,,,,,,,,58.0,,,,,249.0,,,,,,,,,,
205,s50,s250,,s52,,,,,,,,,,,,,,,,,,,,,s53,,s54,s55,s56,s57,,,,,,,,58.0,,,,,59.0,,,,,,,,,,
206,,,,,,,,,,s251,s76,,,,,,,,,,,,,,,,,,,,,,,,,,,,,,,,,,,,,,,,,,
207,,,,,,,,,,s252,s76,,,,,,,,,,,,,,,,,,,,,,,,,,,,,,,,,,,,,,,,,,
208,,,,,,,,,s253,,,,,,,,,,,,,,,,,,,,,,,,,,,,,,,,,,,,,,,,,,,,
209,,,s254,,,,,,,,s216,,,,,,,,,,,,,,,,,,,,,,,,,,,,,,,,,,,,,,,,,,
210,,,,s27,s28,s29,s30,s31,s32,,,,,,,,,,,s33,,,s34,,,,,,,s35,,,s255,,,,,,,,,,,,,37.0,38.0,39.0,40.0,41.0,42.0,43.0,
211,,,,,,,,,,s256,s76,,,,,,,,,,,,,,,,,,,,,,,,,,,,,,,,,,,,,,,,,,
212,,,r37,,,,,,,,r37,r37,r37,r37,r37,r37,r37,r37,r37,r37,r37,r37,,,,,,,,,,,,,,,,,,,,,,,,,,,,,,,
213,,,r36,,,,,,,,r36,r36,r36,r36,r36,r36,r36,r36,r36,r36,r36,r36,,,,,,,,,,,,,,,,,,,,,,,,,,,,,,,
214,,,,,s257,,,,,,,,,,,,,,,,,,,,,,,,,,,,,,,,,,,,,,,,,,,,,,,,
215,r9,r9,,r9,,,,,,,,,,,,,,,,,,,,,r9,,r9,r9,r9,,,,,,,,,,,,,,,,,,,,,,,,
216,,,,s167,s168,s169,s170,s171,s172,,,,,,,,,,,s173,,,s174,,,,,,,s175,,,,,,,,,,,,,,,,258.0,178.0,179.0,180.0,181.0,182.0,183.0,
217,,,,s167,s168,s169,s170,s171,s172,,,,,,,,,,,s173,,,s174,,,,,,,s175,,,,,,,,,,,,,,,,,259.0,179.0,180.0,181.0,182.0,183.0,
218,,,,s167,s168,s169,s170,s171,s172,,,,,,,,,,,s173,,,s174,,,,,,,s175,,,,,,,,,,,,,,,,,,260.0,180.0,181.0,182.0,183.0,
219,,,,s167,s168,s169,s170,s171,s172,,,,,,,,,,,s173,,,s174,,,,,,,s175,,,,,,,,,,,,,,,,,,261.0,180.0,181.0,182.0,183.0,
220,,,,s262,s263,s264,s265,s266,s267,,,,,,,,,,,s268,,,s269,,,,,,,s270,,,,,,,,,,,,,,,,,,,271.0,272.0,273.0,274.0,
221,,,,s262,s263,s264,s265,s266,s267,,,,,,,,,,,s268,,,s269,,,,,,,s270,,,,,,,,,,,,,,,,,,,275.0,272.0,273.0,274.0,
222,,,,s262,s263,s264,s265,s266,s267,,,,,,,,,,,s268,,,s269,,,,,,,s270,,,,,,,,,,,,,,,,,,,276.0,272.0,273.0,274.0,
223,,,,s262,s263,s264,s265,s266,s267,,,,,,,,,,,s268,,,s269,,,,,,,s270,,,,,,,,,,,,,,,,,,,277.0,272.0,273.0,274.0,
224,,,,s167,s168,s169,s170,s171,s172,,,,,,,,,,,s173,,,s174,,,,,,,s175,,,,,,,,,,,,,,,,,,,,278.0,182.0,183.0,
225,,,,s167,s168,s169,s170,s171,s172,,,,,,,,,,,s173,,,s174,,,,,,,s175,,,,,,,,,,,,,,,,,,,,279.0,182.0,183.0,
226,,,,s167,s168,s169,s170,s171,s172,,,,,,,,,,,s173,,,s174,,,,,,,s175,,,,,,,,,,,,,,,,,,,,,280.0,183.0,
227,,,,s167,s168,s169,s170,s171,s172,,,,,,,,,,,s173,,,s174,,,,,,,s175,,,,,,,,,,,,,,,,,,,,,281.0,183.0,
228,,,,,,,,,,,,,,,,,,,,,,,,r16,,,,,,,,,,r16,,,,,,,,,,,,,,,,,,,
229,,,,r39,,,,,,,r39,r39,r39,r39,,,,,r39,r39,r39,r39,,,,,,,,,,,,r39,,,,,,,,,,,,,,,,,,,
230,,,,,,,,,,,,,,,,,,,,,,,,,,,,,,,,,,,s282,,,,,,,,,,,,,,,,,,
231,,,,r30,,,,,,,r30,r30,r30,r30,,,,,r30,r30,s191,s192,,,,,,,,,,,,r30,,,,,,,,,,,,,,,,,,,
232,,,,r31,,,,,,,r31,r31,r31,r31,,,,,r31,r31,s191,s192,,,,,,,,,,,,r31,,,,,,,,,,,,,,,,,,,
233,,,,r33,,,,,,,r33,r33,r33,r33,,,,,r33,r33,r33,r33,,,,,,,,,,,,r33,,,,,,,,,,,,,,,,,,,
234,,,,r34,,,,,,,r34,r34,r34,r34,,,,,r34,r34,r34,r34,,,,,,,,,,,,r34,,,,,,,,,,,,,,,,,,,
235,,,,,,,,,,r39,r39,r39,r39,r39,,,,,r39,r39,r39,r39,,,,,,,,,,,,,,,,,,,,,,,,,,,,,,,
236,,,,,,,,,,,,,,,,,,,,,,,,,,,,,,,,,,,s283,,,,,,,,,,,,,,,,,,
237,,,,,,,,,,r30,r30,r30,r30,r30,,,,,r30,r30,s200,s201,,,,,,,,,,,,,,,,,,,,,,,,,,,,,,,
238,,,,,,,,,,r31,r31,r31,r31,r31,,,,,r31,r31,s200,s201,,,,,,,,,,,,,,,,,,,,,,,,,,,,,,,
239,,,,,,,,,,r33,r33,r33,r33,r33,,,,,r33,r33,r33,r33,,,,,,,,,,,,,,,,,,,,,,,,,,,,,,,
240,,,,,,,,,,r34,r34,r34,r34,r34,,,,,r34,r34,r34,r34,,,,,,,,,,,,,,,,,,,,,,,,,,,,,,,
241,r3,r3,,r3,r3,r3,r3,r3,r3,,,,,,,,,,,r3,,,r3,,r3,,r3,r3,r3,,r3,r3,,,,,,,284.0,,,,,,,,,,,,,,
242,,,,,,,,,s285,,,,,,,,,,,,,,,,,,,,,,,,,,,,,,,,,,,,,,,,,,,,
243,,,,,,,,,s286,,,,,,,,,,,,,,,,,,,,,,,,,,,,,,,,,,,,,,,,,,,,
244,s95,,,s52,,,,,,,,,,,,,,,,,,,,,s96,,s97,s98,s99,s100,,,,,,,,101.0,,,,,287.0,,,,,,,,,,
245,,,s288,,,,,,,,,,,,,,,,,,,,,,,,,,,,,,,,,,,,,,,,,,,,,,,,,,
246,,,,,,,,,,,,,,,,,,,,,,,,s289,,,,,,,,,,s105,,,,,,,,,,,,,,,,,,,
247,r15,r15,,r15,,,,,,,,,,,,,,,,,,,,,r15,r15,r15,r15,r15,,,,,,,,,,,,,,,,,,,,,,,,
248,r10,r10,,r10,,,,,,,,,,,,,,,,,,,,,r10,s290,r10,r10,r10,,,,,,,,,,,,,,,,,,,,,,,,
249,r12,r12,,r12,,,,,,,,,,,,,,,,,,,,,r12,,r12,r12,r12,,,,,,,,,,,,,,,,,,,,,,,,
250,,,,,,,,,,,,,,,,,,,,,,,,,,,r1,,,,,,,,,,,,,,,,,,,,,,,,,,
251,s291,,,s52,,,,,,,,,,,,,,,,,,,,,s292,,s293,s294,s295,s296,,,,,,,,297.0,,,,,298.0,,,,,,,,,,
252,s95,,,s52,,,,,,,,,,,,,,,,,,,,,s96,,s97,s98,s99,s100,,,,,,,,101.0,,,,,299.0,,,,,,,,,,
253,,,,s27,s28,s29,s30,s31,s32,,,,,,,,,,,s33,,,s34,,,,,,,s35,,,s300,,,,,,,,,,,,,37.0,38.0,39.0,40.0,41.0,42.0,43.0,
254,,,,,,,,,,,,,,,,,,,,,,,,,,,r9,,,,,,,,,,,,,,,,,,,,,,,,,,
255,,,,,,,,,,s301,s76,,,,,,,,,,,,,,,,,,,,,,,,,,,,,,,,,,,,,,,,,,
256,,,r39,,,,,,,,r39,r39,r39,r39,r39,r39,r39,r39,r39,r39,r39,r39,,,,,,,,,,,,,,,,,,,,,,,,,,,,,,,
257,,,,,,,,,,,,,,,,,,,,,,,,,,,,,,,,,,,s302,,,,,,,,,,,,,,,,,,
258,,,r18,,,,,,,,r18,s217,,,,,,,,,,,,,,,,,,,,,,,,,,,,,,,,,,,,,,,,,
259,,,r20,,,,,,,,r20,r20,s218,s219,,,,,,,,,,,,,,,,,,,,,,,,,,,,,,,,,,,,,,,
260,,,r22,,,,,,,,r22,r22,r22,r22,,,,,,,,,,,,,,,,,,,,,,,,,,,,,,,,,,,,,,,
261,,,r23,,,,,,,,r23,r23,r23,r23,,,,,,,,,,,,,,,,,,,,,,,,,,,,,,,,,,,,,,,
262,,,r17,,,,,,,,r17,r17,r17,r17,,,,,r17,r17,r17,r17,,,,,,,,,,,,r17,,,,,,,,,,,,,,,,,,,
263,,,r41,,,,,,,,r41,r41,r41,r41,,,,,r41,r41,r41,r41,,,,,,,,,,,,,,,,,,,,,,,,,,,,,,,
264,,,r42,,,,,,,,r42,r42,r42,r42,,,,,r42,r42,r42,r42,,,,,,,,,,,,,,,,,,,,,,,,,,,,,,,
265,,,r43,,,,,,,,r43,r43,r43,r43,,,,,r43,r43,r43,r43,,,,,,,,,,,,,,,,,,,,,,,,,,,,,,,
266,,,r44,,,,,,,,r44,r44,r44,r44,,,,,r44,r44,r44,r44,,,,,,,,,,,,,,,,,,,,,,,,,,,,,,,
267,,,,s27,s28,s29,s30,s31,s32,,,,,,,,,,,s33,,,s34,,,,,,,s35,,,s303,,,,,,,,,,,,,37.0,38.0,39.0,40.0,41.0,42.0,43.0,
268,,,,s262,s263,s264,s265,s266,s267,,,,,,,,,,,s268,,,s269,,,,,,,s270,,,,,,,,,,,,,,,,,,,,,304.0,274.0,
269,,,,s262,s263,s264,s265,s266,s267,,,,,,,,,,,s268,,,s269,,,,,,,s270,,,,,,,,,,,,,,,,,,,,,305.0,274.0,
270,,,r40,,,,,,,,r40,r40,r40,r40,,,,,r40,r40,r40,r40,,,,,,,,,,,,s306,,,,,,,,,,,,,,,,,,,
271,,,r25,,,,,,,,r25,r25,r25,r25,,,,,s307,s308,,,,,,,,,,,,,,,,,,,,,,,,,,,,,,,,,
272,,,r32,,,,,,,,r32,r32,r32,r32,,,,,r32,r32,s309,s310,,,,,,,,,,,,,,,,,,,,,,,,,,,,,,,
273,,,r35,,,,,,,,r35,r35,r35,r35,,,,,r35,r35,r35,r35,,,,,,,,,,,,,,,,,,,,,,,,,,,,,,,
274,,,r38,,,,,,,,r38,r38,r38,r38,,,,,r38,r38,r38,r38,,,,,,,,,,,,,,,,,,,,,,,,,,,,,,,
275,,,r26,,,,,,,,r26,r26,r26,r26,,,,,s307,s308,,,,,,,,,,,,,,,,,,,,,,,,,,,,,,,,,
276,,,r28,,,,,,,,r28,r28,r28,r28,,,,,s307,s308,,,,,,,,,,,,,,,,,,,,,,,,,,,,,,,,,
277,,,r27,,,,,,,,r27,r27,r27,r27,,,,,s307,s308,,,,,,,,,,,,,,,,,,,,,,,,,,,,,,,,,
278,,,r30,,,,,,,,r30,r30,r30,r30,r30,r30,r30,r30,r30,r30,s226,s227,,,,,,,,,,,,,,,,,,,,,,,,,,,,,,,
279,,,r31,,,,,,,,r31,r31,r31,r31,r31,r31,r31,r31,r31,r31,s226,s227,,,,,,,,,,,,,,,,,,,,,,,,,,,,,,,
280,,,r33,,,,,,,,r33,r33,r33,r33,r33,r33,r33,r33,r33,r33,r33,r33,,,,,,,,,,,,,,,,,,,,,,,,,,,,,,,
281,,,r34,,,,,,,,r34,r34,r34,r34,r34,r34,r34,r34,r34,r34,r34,r34,,,,,,,,,,,,,,,,,,,,,,,,,,,,,,,
282,,,,r16,,,,,,,r16,r16,r16,r16,,,,,r16,r16,r16,r16,,,,,,,,,,,,r16,,,,,,,,,,,,,,,,,,,
283,,,,,,,,,,r16,r16,r16,r16,r16,,,,,r16,r16,r16,r16,,,,,,,,,,,,r16,,,,,,,,,,,,,,,,,,,
284,r8,r8,,s4,s5,s6,s7,s8,s9,,,,,,,,,,,s10,,,s11,,r8,,r8,r8,r8,s12,s13,s14,s15,,,,,,,16.0,17.0,311.0,,,,19.0,20.0,21.0,22.0,23.0,24.0,25.0,26.0
285,,,,s27,s28,s29,s30,s31,s32,,,,,,,,,,,s33,,,s34,,,,,,,s35,,,s312,,,,,,,,,,,,,37.0,38.0,39.0,40.0,41.0,42.0,43.0,
286,,,,s27,s28,s29,s30,s31,s32,,,,,,,,,,,s33,,,s34,,,,,,,s35,,,s313,,,,,,,,,,,,,37.0,38.0,39.0,40.0,41.0,42.0,43.0,
287,,,,,,,,,,,,,,,,,,,,,,,,,,,s314,,,,,,,,,,,,,,,,,,,,,,,,,,
288,r14,r14,,r14,,,,,,,,,,,,,,,,,,,,,r14,r14,r14,r14,r14,,,,,,,,,,,,,,,,,,,,,,,,
289,,,,s167,s168,s169,s170,s171,s172,,,,,,,,,,,s173,,,s174,,,,,,,s175,,,s315,,,,,,,,,,,,,177.0,178.0,179.0,180.0,181.0,182.0,183.0,
290,s50,,,s52,,,,,,,,,,,,,,,,,,,,,s53,,s54,s55,s56,s57,,,,,,,,58.0,,,,,316.0,,,,,,,,,,
291,r3,r3,,r3,r3,r3,r3,r3,r3,,,,,,,,,,,r3,,,r3,,r3,,r3,r3,r3,,r3,r3,,,,,,,317.0,,,,,,,,,,,,,,
292,,,,,,,,,s318,,,,,,,,,,,,,,,,,,,,,,,,,,,,,,,,,,,,,,,,,,,,
293,,,,,,,,,s319,,,,,,,,,,,,,,,,,,,,,,,,,,,,,,,,,,,,,,,,,,,,
294,s95,,,s52,,,,,,,,,,,,,,,,,,,,,s96,,s97,s98,s99,s100,,,,,,,,101.0,,,,,320.0,,,,,,,,,,
295,,,s321,,,,,,,,,,,,,,,,,,,,,,,,,,,,,,,,,,,,,,,,,,,,,,,,,,
296,,,,,,,,,,,,,,,,,,,,,,,,s322,,,,,,,,,,s105,,,,,,,,,,,,,,,,,,,
297,,,,,,,,,,,,,,,,,,,,,,,,,,r15,r15,,,,,,,,,,,,,,,,,,,,,,,,,,
298,,,,,,,,,,,,,,,,,,,,,,,,,,s323,r10,,,,,,,,,,,,,,,,,,,,,,,,,,
299,,,,,,,,,,,,,,,,,,,,,,,,,,,r12,,,,,,,,,,,,,,,,,,,,,,,,,,
300,,,,,,,,,,s324,s76,,,,,,,,,,,,,,,,,,,,,,,,,,,,,,,,,,,,,,,,,,
301,,,s325,,,,,,,,,,,,,,,,,,,,,,,,,,,,,,,,,,,,,,,,,,,,,,,,,,
302,,,r16,,,,,,,,r16,r16,r16,r16,r16,r16,r16,r16,r16,r16,r16,r16,,,,,,,,,,,,r16,,,,,,,,,,,,,,,,,,,
303,,,,,,,,,,s326,s76,,,,,,,,,,,,,,,,,,,,,,,,,,,,,,,,,,,,,,,,,,
304,,,r37,,,,,,,,r37,r37,r37,r37,,,,,r37,r37,r37,r37,,,,,,,,,,,,,,,,,,,,,,,,,,,,,,,
305,,,r36,,,,,,,,r36,r36,r36,r36,,,,,r36,r36,r36,r36,,,,,,,,,,,,,,,,,,,,,,,,,,,,,,,
306,,,,,s327,,,,,,,,,,,,,,,,,,,,,,,,,,,,,,,,,,,,,,,,,,,,,,,,
307,,,,s262,s263,s264,s265,s266,s267,,,,,,,,,,,s268,,,s269,,,,,,,s270,,,,,,,,,,,,,,,,,,,,328.0,273.0,274.0,
308,,,,s262,s263,s264,s265,s266,s267,,,,,,,,,,,s268,,,s269,,,,,,,s270,,,,,,,,,,,,,,,,,,,,329.0,273.0,274.0,
309,,,,s262,s263,s264,s265,s266,s267,,,,,,,,,,,s268,,,s269,,,,,,,s270,,,,,,,,,,,,,,,,,,,,,330.0,274.0,
310,,,,s262,s263,s264,s265,s266,s267,,,,,,,,,,,s268,,,s269,,,,,,,s270,,,,,,,,,,,,,,,,,,,,,331.0,274.0,
311,s50,s332,,s52,,,,,,,,,,,,,,,,,,,,,s53,,s54,s55,s56,s57,,,,,,,,58.0,,,,,59.0,,,,,,,,,,
312,,,,,,,,,,s333,s76,,,,,,,,,,,,,,,,,,,,,,,,,,,,,,,,,,,,,,,,,,
313,,,,,,,,,,s334,s76,,,,,,,,,,,,,,,,,,,,,,,,,,,,,,,,,,,,,,,,,,
314,,,,,,,,,s335,,,,,,,,,,,,,,,,,,,,,,,,,,,,,,,,,,,,,,,,,,,,
315,,,s336,,,,,,,,s216,,,,,,,,,,,,,,,,,,,,,,,,,,,,,,,,,,,,,,,,,,
316,r11,r11,,r11,,,,,,,,,,,,,,,,,,,,,r11,,r11,r11,r11,,,,,,,,,,,,,,,,,,,,,,,,
317,r8,r8,,s4,s5,s6,s7,s8,s9,,,,,,,,,,,s10,,,s11,,r8,,r8,r8,r8,s12,s13,s14,s15,,,,,,,16.0,17.0,337.0,,,,19.0,20.0,21.0,22.0,23.0,24.0,25.0,26.0
318,,,,s27,s28,s29,s30,s31,s32,,,,,,,,,,,s33,,,s34,,,,,,,s35,,,s338,,,,,,,,,,,,,37.0,38.0,39.0,40.0,41.0,42.0,43.0,
319,,,,s27,s28,s29,s30,s31,s32,,,,,,,,,,,s33,,,s34,,,,,,,s35,,,s339,,,,,,,,,,,,,37.0,38.0,39.0,40.0,41.0,42.0,43.0,
320,,,,,,,,,,,,,,,,,,,,,,,,,,,s340,,,,,,,,,,,,,,,,,,,,,,,,,,
321,,,,,,,,,,,,,,,,,,,,,,,,,,r14,r14,,,,,,,,,,,,,,,,,,,,,,,,,,
322,,,,s167,s168,s169,s170,s171,s172,,,,,,,,,,,s173,,,s174,,,,,,,s175,,,s341,,,,,,,,,,,,,177.0,178.0,179.0,180.0,181.0,182.0,183.0,
323,s95,,,s52,,,,,,,,,,,,,,,,,,,,,s96,,s97,s98,s99,s100,,,,,,,,101.0,,,,,342.0,,,,,,,,,,
324,,,s343,,,,,,,,,,,,,,,,,,,,,,,,,,,,,,,,,,,,,,,,,,,,,,,,,,
325,r13,r13,,r13,,,,,,,,,,,,,,,,,,,,,r13,,r13,r13,r13,,,,,,,,,,,,,,,,,,,,,,,,
326,,,r39,,,,,,,,r39,r39,r39,r39,,,,,r39,r39,r39,r39,,,,,,,,,,,,,,,,,,,,,,,,,,,,,,,
327,,,,,,,,,,,,,,,,,,,,,,,,,,,,,,,,,,,s344,,,,,,,,,,,,,,,,,,
328,,,r30,,,,,,,,r30,r30,r30,r30,,,,,r30,r30,s309,s310,,,,,,,,,,,,,,,,,,,,,,,,,,,,,,,
329,,,r31,,,,,,,,r31,r31,r31,r31,,,,,r31,r31,s309,s310,,,,,,,,,,,,,,,,,,,,,,,,,,,,,,,
330,,,r33,,,,,,,,r33,r33,r33,r33,,,,,r33,r33,r33,r33,,,,,,,,,,,,,,,,,,,,,,,,,,,,,,,
331,,,r34,,,,,,,,r34,r34,r34,r34,,,,,r34,r34,r34,r34,,,,,,,,,,,,,,,,,,,,,,,,,,,,,,,
332,r1,r1,,r1,,,,,,,,,,,,,,,,,,,,,r1,r1,r1,r1,r1,,,,,,,,,,,,,,,,,,,,,,,,
333,s241,,,s52,,,,,,,,,,,,,,,,,,,,,s242,,s243,s244,s245,s246,,,,,,,,247.0,,,,,345.0,,,,,,,,,,
334,s241,,,s52,,,,,,,,,,,,,,,,,,,,,s242,,s243,s244,s245,s246,,,,,,,,247.0,,,,,346.0,,,,,,,,,,
335,,,,s27,s28,s29,s30,s31,s32,,,,,,,,,,,s33,,,s34,,,,,,,s35,,,s347,,,,,,,,,,,,,37.0,38.0,39.0,40.0,41.0,42.0,43.0,
336,r9,r9,,r9,,,,,,,,,,,,,,,,,,,,,r9,r9,r9,r9,r9,,,,,,,,,,,,,,,,,,,,,,,,
337,s50,s348,,s52,,,,,,,,,,,,,,,,,,,,,s53,,s54,s55,s56,s57,,,,,,,,58.0,,,,,59.0,,,,,,,,,,
338,,,,,,,,,,s349,s76,,,,,,,,,,,,,,,,,,,,,,,,,,,,,,,,,,,,,,,,,,
339,,,,,,,,,,s350,s76,,,,,,,,,,,,,,,,,,,,,,,,,,,,,,,,,,,,,,,,,,
340,,,,,,,,,s351,,,,,,,,,,,,,,,,,,,,,,,,,,,,,,,,,,,,,,,,,,,,
341,,,s352,,,,,,,,s216,,,,,,,,,,,,,,,,,,,,,,,,,,,,,,,,,,,,,,,,,,
342,,,,,,,,,,,,,,,,,,,,,,,,,,,r11,,,,,,,,,,,,,,,,,,,,,,,,,,
343,,,,,,,,,,,,,,,,,,,,,,,,,,,r13,,,,,,,,,,,,,,,,,,,,,,,,,,
344,,,r16,,,,,,,,r16,r16,r16,r16,,,,,r16,r16,r16,r16,,,,,,,,,,,,r16,,,,,,,,,,,,,,,,,,,
345,r10,r10,,r10,,,,,,,,,,,,,,,,,,,,,r10,s353,r10,r10,r10,,,,,,,,,,,,,,,,,,,,,,,,
346,r12,r12,,r12,,,,,,,,,,,,,,,,,,,,,r12,r12,r12,r12,r12,,,,,,,,,,,,,,,,,,,,,,,,
347,,,,,,,,,,s354,s76,,,,,,,,,,,,,,,,,,,,,,,,,,,,,,,,,,,,,,,,,,
348,,,,,,,,,,,,,,,,,,,,,,,,,,r1,r1,,,,,,,,,,,,,,,,,,,,,,,,,,
349,s291,,,s52,,,,,,,,,,,,,,,,,,,,,s292,,s293,s294,s295,s296,,,,,,,,297.0,,,,,355.0,,,,,,,,,,
350,s291,,,s52,,,,,,,,,,,,,,,,,,,,,s292,,s293,s294,s295,s296,,,,,,,,297.0,,,,,356.0,,,,,,,,,,
351,,,,s27,s28,s29,s30,s31,s32,,,,,,,,,,,s33,,,s34,,,,,,,s35,,,s357,,,,,,,,,,,,,37.0,38.0,39.0,40.0,41.0,42.0,43.0,
352,,,,,,,,,,,,,,,,,,,,,,,,,,r9,r9,,,,,,,,,,,,,,,,,,,,,,,,,,
353,s241,,,s52,,,,,,,,,,,,,,,,,,,,,s242,,s243,s244,s245,s246,,,,,,,,247.0,,,,,358.0,,,,,,,,,,
354,,,s359,,,,,,,,,,,,,,,,,,,,,,,,,,,,,,,,,,,,,,,,,,,,,,,,,,
355,,,,,,,,,,,,,,,,,,,,,,,,,,s360,r10,,,,,,,,,,,,,,,,,,,,,,,,,,
356,,,,,,,,,,,,,,,,,,,,,,,,,,r12,r12,,,,,,,,,,,,,,,,,,,,,,,,,,
357,,,,,,,,,,s361,s76,,,,,,,,,,,,,,,,,,,,,,,,,,,,,,,,,,,,,,,,,,
358,r11,r11,,r11,,,,,,,,,,,,,,,,,,,,,r11,r11,r11,r11,r11,,,,,,,,,,,,,,,,,,,,,,,,
359,r13,r13,,r13,,,,,,,,,,,,,,,,,,,,,r13,r13,r13,r13,r13,,,,,,,,,,,,,,,,,,,,,,,,
360,s291,,,s52,,,,,,,,,,,,,,,,,,,,,s292,,s293,s294,s295,s296,,,,,,,,297.0,,,,,362.0,,,,,,,,,,
361,,,s363,,,,,,,,,,,,,,,,,,,,,,,,,,,,,,,,,,,,,,,,,,,,,,,,,,
362,,,,,,,,,,,,,,,,,,,,,,,,,,r11,r11,,,,,,,,,,,,,,,,,,,,,,,,,,
363,,,,,,,,,,,,,,,,,,,,,,,,,,r13,r13,,,,,,,,,,,,,,,,,,,,,,,,,,
